,lon,lat,folder,Zona,prof,Zona2,ml
0,-90.484,13.4798,2019-02-05-0659,0,15.836,Intra 1,2.84
1,-92.2801,13.821,2019-02-09-0427,0,3.4461,Superficial,4.15
2,-92.2089,13.8593,2019-02-09-0508,0,5.1163,Superficial,4.09
3,-91.2033,13.8168,2019-02-10-1202,0,87.121,Intra 2,3.19
4,-91.3978,13.5857,2019-02-18-0447,0,39.9727,Intra 1,3.42
5,-91.2169,13.6563,2019-02-19-0829,0,55.5538,Intra 1,3.25
6,-91.423,13.5848,2019-02-24-0310,0,59.5969,Intra 1,3.67
7,-91.2702,13.6886,2019-02-24-1054,0,51.5185,Intra 1,3.06
8,-90.7826,13.5112,2019-02-25-0050,0,33.1218,Intra 1,3.64
9,-92.2078,14.2638,2019-02-25-0057,0,43.5578,Intra 1,3.61
10,-92.229,14.2158,2019-03-05-0545,0,20.037,Intra 1,4.12
11,-91.4192,13.5872,2019-03-08-0207,0,33.5384,Intra 1,4.75
12,-91.4485,13.6564,2019-03-08-0209,0,43.2786,Intra 1,4.53
13,-91.4342,13.5227,2019-03-08-1107,0,53.7631,Intra 1,4.7
14,-91.4654,13.6794,2019-03-09-0948,0,90.0733,Intra 2,3.57
15,-91.8415,14.1148,2019-03-10-1035,0,78.2534,Intra 2,3.15
16,-91.5617,13.7076,2019-03-11-1120,0,75.6321,Intra 2,4.11
17,-91.0503,13.7448,2019-03-13-1513,0,66.4111,Intra 2,3.6
18,-91.0473,13.6789,2019-03-18-0254,0,68.4226,Intra 2,3.58
19,-91.2924,13.6638,2019-03-20-1320,0,41.9027,Intra 1,3.97
20,-91.3743,13.8019,2019-03-21-0104,0,70.211,Intra 2,4.53
21,-91.787,14.0586,2019-03-25-0048,0,68.9073,Intra 2,4.02
22,-91.9058,13.7982,2019-03-25-0812,0,46.7985,Intra 1,3.58
23,-92.3779,14.2163,2019-03-26-1337,0,53.7198,Intra 1,4.54
24,-90.9214,13.3163,2019-03-31-0604,0,34.8613,Intra 1,4.09
25,-92.2367,13.3386,2019-04-04-2258,0,64.4989,Intra 1,4.23
26,-91.6557,13.8657,2019-04-06-1128,0,74.0163,Intra 2,3.61
27,-91.7872,14.0423,2019-04-06-2257,0,74.727,Intra 2,4.23
28,-91.5554,13.7916,2019-04-07-1628,0,144.8412,Intra 2,3.69
29,-90.4912,13.3882,2019-04-08-2156,0,16.5148,Intra 1,4.14
30,-91.8211,14.111,2019-04-13-1902,0,67.8166,Intra 2,3.98
31,-91.7475,13.9667,2019-04-18-0317,0,69.0841,Intra 2,3.86
32,-90.581,13.201,2019-04-19-0840,0,146.2126,Intra 2,3.59
33,-91.5195,13.9479,2019-04-21-2226,0,73.1124,Intra 2,3.83
34,-92.1407,13.8744,2019-04-22-1104,0,70.6283,Intra 2,4.03
35,-91.8646,14.126,2019-04-28-0945,0,74.2332,Intra 2,3.35
36,-90.7667,13.506,2019-04-28-1012,0,36.0793,Intra 1,3.54
37,-92.3754,13.6511,2019-04-29-0904,0,28.8792,Intra 1,4.28
38,-90.6329,13.5321,2019-04-30-0214,0,29.1236,Intra 1,3.59
39,-91.056,13.4809,2019-05-02-2147,0,18.2828,Intra 1,4.65
40,-91.7412,14.0592,2019-05-08-0553,0,58.5174,Intra 1,3.57
41,-91.671,14.0073,2019-05-08-1525,0,64.4099,Intra 1,4.33
42,-90.9232,13.5687,2019-05-11-0317,0,73.6252,Intra 2,3.84
43,-91.3773,13.8233,2019-05-13-1958,0,52.9399,Intra 1,3.75
44,-91.1536,13.7296,2019-05-14-0835,0,36.2417,Intra 1,4.03
45,-91.4196,13.6082,2019-05-16-0510,0,17.7519,Intra 1,3.93
46,-91.4928,13.7179,2019-05-17-0628,0,65.4247,Intra 2,3.58
47,-91.7755,14.0599,2019-05-25-0928,0,42.5191,Intra 1,3.62
48,-90.5448,13.3323,2019-06-04-0105,0,19.6478,Intra 1,3.91
49,-91.6933,13.8973,2019-06-04-2054,0,68.0657,Intra 2,3.96
50,-90.9123,13.4851,2019-06-06-0239,0,22.561,Intra 1,3.76
51,-90.6676,12.921,2019-06-06-0533,0,19.4707,Intra 1,3.76
52,-90.5776,13.0554,2019-06-15-0014,0,25.8223,Intra 1,4.03
53,-91.6022,13.5842,2019-06-17-1346,0,50.4797,Intra 1,3.91
54,-91.3044,13.8572,2019-06-23-1629,0,29.8164,Intra 1,3.89
55,-91.7462,13.897,2019-06-27-0754,0,23.758,Intra 1,3.58
56,-90.9131,13.1922,2019-06-27-1007,0,99.2713,Intra 2,3.94
57,-91.255,13.7621,2019-07-01-0756,0,76.2982,Intra 2,3.75
58,-91.3937,13.8293,2019-07-03-0326,0,73.1347,Intra 2,3.77
59,-90.8847,13.4645,2019-07-06-0046,0,54.253,Intra 1,2.82
60,-92.2276,14.2565,2019-07-11-0403,0,58.404,Intra 1,3.42
61,-90.9991,13.4809,2019-07-11-1800,0,76.3397,Intra 2,3.95
62,-91.2281,13.4733,2019-07-13-0134,0,77.032,Intra 2,4.88
63,-91.2423,13.5033,2019-07-13-0138,0,77.6004,Intra 2,4.83
64,-91.1891,13.3619,2019-07-13-0148,0,60.2312,Intra 1,3.81
65,-92.1307,13.5854,2019-07-13-1149,0,69.6267,Intra 2,3.73
66,-91.2985,13.7423,2019-07-13-2305,0,21.082,Intra 1,3.15
67,-91.4917,13.6199,2019-07-20-0208,0,70.2516,Intra 2,4.77
68,-91.5177,13.6437,2019-07-20-0212,0,72.2053,Intra 2,4.46
69,-91.3787,13.1885,2019-07-20-0233,0,48.925,Intra 1,4.19
70,-91.4884,13.1357,2019-07-20-0315,0,16.1789,Intra 1,4.4
71,-90.4881,13.392,2019-07-20-0925,0,6.7449,Superficial,3.59
72,-90.622,13.4696,2019-07-24-2107,0,69.3783,Intra 2,4.13
73,-91.9332,14.1625,2019-07-29-0527,0,58.1079,Intra 1,3.62
74,-91.391,13.8569,2019-07-31-0928,0,110.8185,Intra 2,3.22
75,-92.1305,14.2401,2019-08-04-0838,0,56.3868,Intra 1,3.07
76,-91.8224,14.0938,2019-08-04-1555,0,67.7006,Intra 2,3.03
77,-90.5051,13.292,2019-08-07-1155,0,13.502,Superficial,3.37
78,-91.687,13.9213,2019-08-07-1322,0,78.9011,Intra 2,3.99
79,-92.0317,14.1603,2019-08-10-0237,0,63.9804,Intra 1,3.7
80,-91.7299,13.9579,2019-08-11-0036,0,67.7936,Intra 2,4.45
81,-91.8858,13.5109,2019-08-11-0824,0,79.7472,Intra 2,3.76
82,-91.5029,13.6139,2019-08-11-1708,0,72.4496,Intra 2,4.05
83,-91.4184,13.9109,2019-08-12-0037,0,40.9385,Intra 1,2.95
84,-91.8094,13.5721,2019-08-12-1052,0,12.8683,Superficial,3.58
85,-92.1215,13.8426,2019-08-14-0112,0,63.6306,Intra 1,3.92
86,-91.4596,13.8761,2019-08-16-0520,0,16.3902,Intra 1,3.08
87,-91.1999,12.9202,2019-08-17-0744,0,12.9188,Superficial,3.3
88,-90.9688,13.5115,2019-08-17-0833,0,24.2755,Intra 1,2.66
89,-90.5854,13.5241,2019-08-17-2329,0,66.8814,Intra 2,3.67
90,-90.5446,13.311,2019-08-18-0257,0,28.1212,Intra 1,3.14
91,-91.4591,13.9376,2019-08-19-2024,0,62.5753,Intra 1,4.01
92,-91.3116,13.7204,2019-08-21-0826,0,29.1302,Intra 1,2.83
93,-91.7414,13.7746,2019-08-23-1743,0,58.8965,Intra 1,4.74
94,-90.9635,13.67,2019-08-24-0533,0,28.588,Intra 1,2.94
95,-90.9326,13.6407,2019-08-26-0800,0,35.9689,Intra 1,2.86
96,-91.4166,13.7039,2019-08-27-0339,0,21.7087,Intra 1,3.08
97,-91.4963,13.7187,2019-08-28-0850,0,72.5968,Intra 2,3.07
98,-92.2568,14.321,2019-08-29-1828,0,57.0994,Intra 1,4.85
99,-91.3514,13.8522,2019-08-31-0203,0,45.1434,Intra 1,3.89
100,-91.2596,13.8252,2019-08-31-0330,0,28.0521,Intra 1,3.32
101,-90.9623,13.6757,2019-08-31-0649,0,51.5984,Intra 1,3.41
102,-91.6442,13.7454,2019-08-31-0857,0,19.7869,Intra 1,3.33
103,-90.5049,13.4159,2019-09-01-0141,0,43.8614,Intra 1,3.58
104,-91.8066,14.1028,2019-09-03-1652,0,69.7026,Intra 2,3.66
105,-91.7029,13.956,2019-09-05-1510,0,78.9366,Intra 2,3.81
106,-92.1222,13.3064,2019-09-07-0312,0,64.5099,Intra 1,3.71
107,-91.6999,13.8469,2019-09-08-0228,0,53.8551,Intra 1,3.07
108,-91.9092,14.0155,2019-09-09-0434,0,7.2753,Superficial,3.39
109,-91.3206,13.3849,2019-09-11-1638,0,63.3153,Intra 1,4.03
110,-91.4385,13.7312,2019-09-15-0658,0,79.1252,Intra 2,5.51
111,-91.5108,13.6159,2019-09-15-0710,0,65.7585,Intra 2,4.34
112,-91.5147,13.6861,2019-09-15-0732,0,23.0571,Intra 1,3.41
113,-91.5406,13.694,2019-09-15-0733,0,18.4367,Intra 1,3.15
114,-91.4877,13.6376,2019-09-15-0740,0,77.4178,Intra 2,4.38
115,-91.4946,13.7133,2019-09-15-0919,0,7.346,Superficial,2.96
116,-91.5197,13.5125,2019-09-15-1209,0,66.4925,Intra 2,4.43
117,-91.4435,13.7505,2019-09-17-0522,0,62.1966,Intra 1,3.36
118,-91.946,13.6882,2019-09-17-1112,0,33.1594,Intra 1,3.11
119,-91.2467,13.4905,2019-09-18-0545,0,8.392,Superficial,3.4
120,-91.2702,13.5348,2019-09-19-0436,0,10.0613,Superficial,3.12
121,-91.7963,14.0418,2019-09-21-2055,0,71.6697,Intra 2,4.57
122,-91.3409,13.6693,2019-09-23-1047,0,12.0447,Superficial,3.56
123,-91.0546,13.3809,2019-09-24-0416,0,10.9951,Superficial,3.83
124,-91.2312,13.7752,2019-09-27-1947,0,40.7861,Intra 1,3.03
125,-91.1613,13.6402,2019-09-29-1605,0,15.9331,Intra 1,3.6
126,-90.8174,12.9256,2019-09-29-2023,0,7.3953,Superficial,4.17
127,-91.4944,13.7179,2019-09-30-0427,0,22.4297,Intra 1,3.48
128,-92.2404,14.1489,2019-09-30-0505,0,11.6892,Superficial,3.88
129,-91.4601,13.9528,2019-10-01-0244,0,69.0346,Intra 2,4.83
130,-90.9407,13.659,2019-10-01-0323,0,18.4164,Intra 1,3.5
131,-90.6037,12.9698,2019-10-01-0432,0,18.7481,Intra 1,2.8
132,-91.6528,13.2663,2019-10-01-0512,0,24.9934,Intra 1,3.7
133,-91.0766,13.7242,2019-10-01-2130,0,27.3908,Intra 1,3.84
134,-91.1125,13.0342,2019-10-04-0031,0,61.1534,Intra 1,3.8
135,-91.2109,13.5375,2019-10-04-0854,0,2.9831,Superficial,3.05
136,-90.6386,13.1355,2019-10-04-1035,0,34.9978,Intra 1,2.87
137,-90.7825,13.4972,2019-10-05-2252,0,23.2856,Intra 1,3.47
138,-91.8432,14.1345,2019-10-06-1557,0,42.6443,Intra 1,3.54
139,-91.7155,14.0198,2019-10-10-0821,0,77.3341,Intra 2,3.25
140,-91.3872,13.9124,2019-10-12-0756,0,75.5878,Intra 2,4.67
141,-91.008,13.4079,2019-10-14-0354,0,25.3455,Intra 1,2.84
142,-91.6328,13.9845,2019-10-14-0647,0,23.1798,Intra 1,3.53
143,-90.9431,13.4077,2019-10-17-0357,0,57.2619,Intra 1,2.84
144,-91.8996,13.8407,2019-10-18-1108,0,1.6776,Superficial,3.46
145,-90.5488,13.5093,2019-10-27-0946,0,54.9254,Intra 1,2.82
146,-91.7503,13.0951,2019-10-28-0331,0,5.9645,Superficial,4.24
147,-90.8644,13.5028,2019-10-30-2157,0,43.9186,Intra 1,4.12
148,-91.1605,13.7492,2019-10-31-0505,0,29.9529,Intra 1,2.71
149,-91.5928,14.0042,2019-11-01-1238,0,66.9481,Intra 2,4.68
150,-92.0457,14.2186,2019-11-02-1146,0,59.1724,Intra 1,4.18
151,-90.7059,13.5671,2019-11-08-0754,0,18.6386,Intra 1,3.39
152,-91.4233,13.789,2019-11-08-1302,0,13.9547,Superficial,3.17
153,-91.3812,13.9059,2019-11-09-1505,0,29.4924,Intra 1,3.18
154,-90.9683,13.6853,2019-11-13-1628,0,68.8461,Intra 2,5.96
155,-90.9604,13.707,2019-11-13-1638,0,71.9579,Intra 2,3.41
156,-90.948,13.6934,2019-11-13-1639,0,66.714,Intra 2,3.91
157,-91.003,13.7421,2019-11-13-2254,0,71.4609,Intra 2,3.72
158,-91.058,13.7438,2019-11-14-0602,0,57.3165,Intra 1,3.1
159,-90.9997,13.7014,2019-11-14-0647,0,55.3554,Intra 1,3.22
160,-90.9742,13.712,2019-11-14-2244,0,57.3101,Intra 1,3.4
161,-90.9428,13.701,2019-11-15-1432,0,29.7381,Intra 1,3.65
162,-90.9516,13.6598,2019-11-15-1457,0,18.9,Intra 1,4.19
163,-92.0773,13.7977,2019-11-16-1740,0,55.2776,Intra 1,4.2
164,-90.7687,13.0335,2019-11-17-0136,0,5.6131,Superficial,3.97
165,-90.476,13.3605,2019-11-17-0300,0,14.9919,Superficial,3.73
166,-90.9843,13.6459,2019-11-20-0136,0,30.765,Intra 1,4.4
167,-91.0848,13.7025,2019-11-20-0906,0,53.18,Intra 1,3.1
168,-90.9809,13.6773,2019-11-21-1901,0,23.6976,Intra 1,4.9
169,-91.6863,13.9217,2019-11-22-0125,0,50.4657,Intra 1,4.07
170,-91.4994,13.9669,2019-11-22-1047,0,72.8121,Intra 2,3.33
171,-91.0165,13.7234,2019-11-22-1247,0,29.5538,Intra 1,3.12
172,-91.3147,13.6955,2019-11-23-1610,0,26.8906,Intra 1,4.02
173,-91.023,13.7016,2019-11-25-0313,0,20.966,Intra 1,3.83
174,-91.5813,13.212,2019-11-26-2353,0,35.0966,Intra 1,4.2
175,-90.9735,13.6724,2019-11-27-1830,0,18.0003,Intra 1,3.98
176,-90.9631,13.661,2019-11-29-1207,0,30.6407,Intra 1,3.65
177,-92.1706,13.7669,2019-11-30-0744,0,66.5449,Intra 2,5.74
178,-92.1329,13.9458,2019-11-30-0748,0,68.1847,Intra 2,3.89
179,-92.0137,13.9744,2019-11-30-0819,0,65.2012,Intra 2,3.39
180,-92.1124,13.8344,2019-11-30-0911,0,57.1013,Intra 1,3.57
181,-92.0875,14.0102,2019-11-30-1758,0,60.4256,Intra 1,4.99
182,-91.8499,13.9412,2019-12-02-0659,0,8.013,Superficial,3.22
183,-92.3647,13.7073,2019-12-02-1158,0,12.5097,Superficial,4.13
184,-90.5562,13.3955,2019-12-04-0609,0,5.5976,Superficial,3.62
185,-92.1996,14.0855,2019-12-05-0302,0,65.9133,Intra 2,3.55
186,-92.1758,13.8883,2019-12-05-1511,0,67.524,Intra 2,4.9
187,-90.5821,13.508,2019-12-05-1623,0,6.6815,Superficial,4.55
188,-90.7709,13.5905,2019-12-07-2040,0,23.0763,Intra 1,4.17
189,-92.2548,13.639,2019-12-10-1152,0,65.5253,Intra 2,3.43
190,-90.954,13.6835,2019-12-11-2215,0,30.7526,Intra 1,3.24
191,-90.9182,12.9444,2019-12-13-0635,0,36.8662,Intra 1,3.45
192,-90.8472,13.0416,2019-12-13-1317,0,9.0,Superficial,4.11
193,-91.8036,13.5835,2019-12-14-0641,0,17.8052,Intra 1,3.34
194,-92.0021,14.0126,2019-12-15-1153,0,63.6416,Intra 1,3.25
195,-90.923,13.4404,2019-12-18-1838,0,18.9506,Intra 1,3.7
196,-91.3471,13.897,2019-12-18-2228,0,29.9838,Intra 1,4.19
197,-90.4702,13.4902,2019-12-19-0015,0,38.1382,Intra 1,2.78
198,-91.3303,13.496,2019-12-19-1235,0,23.489,Intra 1,5.69
199,-91.3605,13.5099,2019-12-19-1238,0,16.3834,Intra 1,5.04
200,-91.2469,13.4839,2019-12-19-1329,0,14.9579,Superficial,4.01
201,-91.5357,13.8552,2019-12-19-1423,0,12.3592,Superficial,4.18
202,-91.3427,13.6361,2019-12-19-1441,0,34.4692,Intra 1,4.99
203,-91.0966,13.6323,2019-12-19-1459,0,10.0,Superficial,4.44
204,-90.9955,13.4621,2019-12-19-1526,0,2.7177,Superficial,3.86
205,-91.2429,13.5246,2019-12-19-1546,0,12.2588,Superficial,4.2
206,-91.311,13.6104,2019-12-19-1553,0,14.3359,Superficial,4.23
207,-91.4169,13.4014,2019-12-19-1600,0,10.4889,Superficial,3.96
208,-91.2306,13.5135,2019-12-19-1622,0,11.3028,Superficial,4.1
209,-91.1897,13.4946,2019-12-20-0232,0,18.5766,Intra 1,3.6
210,-91.1143,13.6686,2019-12-20-0944,0,30.6993,Intra 1,3.83
211,-91.332,13.5989,2019-12-21-0200,0,77.8865,Intra 2,4.37
212,-91.4737,13.3723,2019-12-21-0205,0,73.7098,Intra 2,4.69
213,-91.4033,13.5309,2019-12-21-0233,0,42.2066,Intra 1,3.87
214,-91.3055,13.6211,2019-12-21-1809,0,21.9621,Intra 1,3.21
215,-90.8254,13.4637,2019-12-21-2029,0,25.0,Intra 1,4.28
216,-92.3321,13.8979,2019-12-23-0227,0,38.6702,Intra 1,3.75
217,-91.2682,13.5524,2019-12-24-0131,0,26.3281,Intra 1,3.79
218,-91.6188,13.3595,2019-12-24-2240,0,69.809,Intra 2,4.43
219,-91.3504,13.3301,2019-12-25-0627,0,23.7672,Intra 1,3.64
220,-91.4036,13.3108,2019-12-25-0934,0,6.1104,Superficial,3.32
221,-91.0594,13.6376,2019-12-26-1242,0,29.4202,Intra 1,3.63
222,-90.9923,13.1774,2019-12-27-0746,0,17.5238,Intra 1,2.96
223,-92.0511,14.1269,2019-12-29-0515,0,58.465,Intra 1,3.75
224,-91.5536,13.23,2019-12-31-0439,0,50.9372,Intra 1,3.89
225,-91.6274,13.5259,2019-12-31-0837,0,38.0314,Intra 1,4.4
226,-90.4582,13.3908,2020-01-01-1111,0,36.351,Intra 1,4.53
227,-90.9252,13.4972,2020-01-01-1130,0,17.4263,Intra 1,3.04
228,-91.0391,13.6017,2020-01-01-1131,0,50.2192,Intra 1,3.67
229,-92.301,13.6697,2020-01-01-1455,0,63.6518,Intra 1,4.08
230,-90.241,12.8493,2019-02-14-1054,1,40.1767,Intra 1,4.12
231,-90.416,13.317,2019-03-16-1944,1,42.5131,Intra 1,3.77
232,-89.3679,12.9104,2019-03-20-2230,1,39.9991,Intra 1,4.71
233,-89.3466,12.2654,2019-03-26-1201,1,20.8978,Intra 1,5.75
234,-90.2935,13.3755,2019-04-02-2048,1,59.8626,Intra 1,4.7
235,-89.7559,13.1503,2019-04-05-0908,1,43.5904,Intra 1,4.83
236,-90.2517,12.7228,2019-04-07-0958,1,35.5839,Intra 1,3.56
237,-88.8803,12.4285,2019-04-08-2225,1,36.1961,Intra 1,5.45
238,-90.3608,12.8415,2019-04-12-0755,1,37.1613,Intra 1,4.52
239,-90.4762,12.9385,2019-05-01-0803,1,11.0971,Superficial,4.0
240,-90.1609,13.2397,2019-05-09-1029,1,15.7214,Intra 1,3.73
241,-89.9412,13.2543,2019-05-09-1708,1,21.0104,Intra 1,4.46
242,-89.932,13.1088,2019-05-11-0201,1,98.4279,Intra 2,4.32
243,-90.0825,13.1803,2019-05-11-0534,1,18.7093,Intra 1,4.11
244,-90.3274,13.3683,2019-05-14-1149,1,6.4464,Superficial,4.16
245,-89.6415,13.1339,2019-05-16-0113,1,27.0786,Intra 1,4.58
246,-89.191,12.143,2019-05-16-2231,1,40.7579,Intra 1,4.92
247,-90.3861,13.2455,2019-05-18-0203,1,6.7311,Superficial,4.09
248,-89.3501,12.9388,2019-05-30-0903,1,50.5898,Intra 1,6.88
249,-89.8295,13.113,2019-05-30-0913,1,6.662,Superficial,4.32
250,-89.4124,12.9249,2019-05-30-0917,1,40.4957,Intra 1,4.45
251,-89.4496,13.0748,2019-05-30-0937,1,42.8457,Intra 1,4.34
252,-89.5118,13.0826,2019-05-30-0940,1,35.4432,Intra 1,4.37
253,-89.3544,13.0945,2019-05-30-1021,1,42.0782,Intra 1,4.56
254,-89.4699,13.1297,2019-05-30-1107,1,35.0846,Intra 1,4.19
255,-89.6756,13.207,2019-05-30-1746,1,11.3533,Superficial,4.39
256,-89.5571,13.0268,2019-05-30-2235,1,40.0629,Intra 1,4.39
257,-89.5097,12.9959,2019-05-31-0059,1,35.032,Intra 1,3.31
258,-89.6613,13.1029,2019-05-31-0546,1,1.6027,Superficial,4.02
259,-89.5263,13.1087,2019-05-31-0619,1,70.817,Intra 2,3.84
260,-89.4662,12.9478,2019-05-31-0732,1,40.1112,Intra 1,3.6
261,-89.6709,13.149,2019-05-31-0911,1,69.179,Intra 2,3.59
262,-89.5133,13.0649,2019-05-31-0931,1,38.3617,Intra 1,3.86
263,-89.7108,13.034,2019-05-31-1057,1,61.5765,Intra 1,3.74
264,-89.4276,13.0184,2019-06-01-0144,1,39.2245,Intra 1,4.88
265,-89.5177,13.0481,2019-06-01-0652,1,52.5836,Intra 1,2.88
266,-89.5302,12.9715,2019-06-02-0345,1,47.9906,Intra 1,4.07
267,-89.5583,13.0504,2019-06-02-0936,1,58.4956,Intra 1,3.23
268,-89.4824,13.1156,2019-06-03-0347,1,60.9079,Intra 1,3.06
269,-89.3762,13.0368,2019-06-03-0616,1,50.1385,Intra 1,3.64
270,-89.5397,13.0606,2019-06-05-0925,1,21.914,Intra 1,3.68
271,-90.0386,13.132,2019-06-06-0921,1,44.0754,Intra 1,3.4
272,-88.9508,12.9428,2019-06-09-0551,1,51.7004,Intra 1,4.26
273,-89.5268,12.9144,2019-06-09-0641,1,67.7785,Intra 2,3.54
274,-89.5626,13.1028,2019-06-09-0851,1,65.8839,Intra 2,4.06
275,-88.6787,12.846,2019-06-10-0911,1,40.9948,Intra 1,5.76
276,-89.4661,13.1297,2019-06-14-0740,1,57.687,Intra 1,3.77
277,-89.897,13.1755,2019-06-17-1408,1,56.5635,Intra 1,3.7
278,-89.4363,12.9605,2019-06-20-2252,1,39.4646,Intra 1,3.91
279,-89.5006,13.0507,2019-06-23-0625,1,38.1295,Intra 1,3.93
280,-89.3176,13.0389,2019-07-01-0004,1,35.0027,Intra 1,3.8
281,-90.189,12.7958,2019-07-03-0807,1,24.2456,Intra 1,3.68
282,-89.4888,13.1462,2019-07-05-1501,1,41.725,Intra 1,3.32
283,-89.6726,12.8867,2019-07-08-1227,1,4.0882,Superficial,4.05
284,-89.4718,12.963,2019-07-09-0018,1,49.6543,Intra 1,4.06
285,-89.6348,13.2013,2019-07-10-0417,1,13.3204,Superficial,3.84
286,-89.5678,12.9689,2019-07-12-1035,1,35.9557,Intra 1,3.75
287,-89.5228,13.1096,2019-07-29-1744,1,40.0517,Intra 1,4.82
288,-89.5136,13.0979,2019-07-31-0553,1,40.0366,Intra 1,6.15
289,-90.2578,13.2425,2019-07-31-1253,1,26.1821,Intra 1,4.06
290,-90.2146,13.3249,2019-08-01-1752,1,54.313,Intra 1,3.63
291,-89.3642,13.1123,2019-08-02-0701,1,47.5217,Intra 1,3.49
292,-89.5423,13.1249,2019-08-09-1704,1,38.7778,Intra 1,4.88
293,-89.5595,13.1465,2019-08-11-2112,1,21.0443,Intra 1,2.96
294,-89.8037,13.199,2019-08-12-0322,1,18.9984,Intra 1,4.25
295,-89.5452,13.041,2019-08-15-0806,1,38.9685,Intra 1,3.24
296,-89.6727,13.11,2019-08-15-0927,1,39.6148,Intra 1,2.66
297,-90.3855,13.431,2019-08-17-0824,1,17.7675,Intra 1,2.71
298,-90.1021,13.1865,2019-08-17-1544,1,22.8442,Intra 1,3.52
299,-89.8431,12.8071,2019-08-26-0900,1,48.7825,Intra 1,3.54
300,-90.2125,12.982,2019-08-26-0930,1,56.9822,Intra 1,3.72
301,-89.2128,12.8925,2019-08-27-0520,1,35.3437,Intra 1,3.48
302,-88.8815,12.5136,2019-08-27-1559,1,19.0,Intra 1,4.98
303,-90.1602,13.1955,2019-08-28-1636,1,19.2653,Intra 1,3.75
304,-90.1122,13.243,2019-08-29-0720,1,15.3594,Intra 1,2.9
305,-90.1012,13.2544,2019-09-01-0728,1,14.6694,Superficial,3.38
306,-89.6121,13.1147,2019-09-01-2255,1,5.5711,Superficial,4.26
307,-89.2751,13.0531,2019-09-04-0029,1,18.2947,Intra 1,3.35
308,-89.5319,13.139,2019-09-05-1132,1,36.4111,Intra 1,2.99
309,-89.5806,13.134,2019-09-05-1845,1,37.8835,Intra 1,3.54
310,-88.9475,12.8606,2019-09-06-1328,1,34.7812,Intra 1,5.02
311,-90.3883,13.3402,2019-09-06-1837,1,26.5023,Intra 1,3.63
312,-88.866,12.9187,2019-09-10-1416,1,17.2211,Intra 1,5.13
313,-90.062,13.188,2019-09-10-1528,1,12.7533,Superficial,4.46
314,-90.0931,13.3096,2019-09-13-0827,1,22.1972,Intra 1,4.29
315,-89.5673,13.0843,2019-09-15-0131,1,49.9575,Intra 1,3.63
316,-90.2482,13.0564,2019-09-15-1853,1,1.047,Superficial,3.28
317,-89.6019,13.0922,2019-09-15-1859,1,19.8334,Intra 1,3.79
318,-89.4407,13.0634,2019-09-21-0554,1,40.5507,Intra 1,3.91
319,-88.4145,12.6381,2019-09-25-0823,1,41.8482,Intra 1,3.6
320,-89.9834,13.2473,2019-09-25-1957,1,24.5546,Intra 1,3.99
321,-88.6459,12.6265,2019-09-26-0421,1,22.8791,Intra 1,4.38
322,-90.0499,13.2283,2019-09-29-1629,1,10.7106,Superficial,3.67
323,-90.3452,12.7567,2019-09-29-2058,1,12.0811,Superficial,5.09
324,-90.44,13.0005,2019-09-29-2307,1,48.1507,Intra 1,3.86
325,-90.1763,12.8012,2019-09-30-0003,1,40.5734,Intra 1,3.33
326,-90.6066,12.6873,2019-09-30-0101,1,16.0,Intra 1,4.31
327,-90.2428,12.719,2019-09-30-0754,1,35.7969,Intra 1,3.48
328,-90.3863,12.8926,2019-09-30-1130,1,7.962,Superficial,3.46
329,-89.417,13.0517,2019-10-01-0304,1,35.3423,Intra 1,4.11
330,-89.6912,13.1184,2019-10-01-0314,1,2.7952,Superficial,4.01
331,-90.1189,13.2536,2019-10-02-0204,1,7.4957,Superficial,3.4
332,-89.5271,13.0945,2019-10-04-1754,1,42.4961,Intra 1,4.36
333,-90.358,13.017,2019-10-05-0347,1,40.1599,Intra 1,4.07
334,-90.4697,13.1872,2019-10-05-0407,1,6.7298,Superficial,3.44
335,-90.1198,13.2868,2019-10-06-0541,1,10.2058,Superficial,3.38
336,-89.715,13.0695,2019-10-06-1519,1,23.0,Intra 1,2.8
337,-89.7213,13.1861,2019-10-06-1853,1,8.7295,Superficial,4.03
338,-90.1635,13.1131,2019-10-07-2048,1,1.5119,Superficial,3.23
339,-89.5258,12.986,2019-10-09-0056,1,37.0971,Intra 1,4.28
340,-90.1615,13.2298,2019-10-10-0927,1,8.7975,Superficial,3.37
341,-89.944,12.9125,2019-10-10-2203,1,15.0,Intra 1,4.5
342,-89.8962,12.6918,2019-10-13-0253,1,21.2731,Intra 1,4.7
343,-89.7754,13.1303,2019-10-13-1605,1,3.8959,Superficial,3.89
344,-89.6583,13.1319,2019-10-14-1013,1,9.1692,Superficial,3.55
345,-89.5304,13.0871,2019-10-15-1326,1,56.4003,Intra 1,3.58
346,-90.3792,13.0211,2019-10-20-0746,1,60.9953,Intra 1,3.41
347,-90.4163,13.2064,2019-10-21-0854,1,32.4435,Intra 1,4.68
348,-90.2021,12.6401,2019-10-22-0319,1,29.2597,Intra 1,3.82
349,-89.6337,13.0542,2019-10-24-2121,1,16.2491,Intra 1,4.17
350,-88.3712,12.5885,2019-10-25-1502,1,31.8261,Intra 1,4.53
351,-90.1561,12.9851,2019-10-25-1509,1,12.4572,Superficial,4.27
352,-89.8127,12.7783,2019-10-27-1417,1,23.4855,Intra 1,4.58
353,-89.7294,13.136,2019-10-28-1132,1,6.9351,Superficial,4.04
354,-90.2473,12.8592,2019-10-30-0838,1,36.5604,Intra 1,3.58
355,-90.4001,13.3168,2019-10-30-1417,1,13.2076,Superficial,3.75
356,-88.5074,12.4592,2019-11-04-0200,1,21.3407,Intra 1,4.27
357,-89.9715,13.264,2019-11-04-0824,1,46.6324,Intra 1,2.66
358,-89.0193,12.9642,2019-11-07-1316,1,40.0735,Intra 1,4.23
359,-88.732,12.7493,2019-11-08-1659,1,46.8824,Intra 1,4.51
360,-90.6163,12.8331,2019-11-08-1826,1,9.0,Superficial,4.38
361,-90.2866,13.3737,2019-11-09-0653,1,41.8263,Intra 1,2.65
362,-88.6658,12.8564,2019-11-12-2134,1,35.9747,Intra 1,5.41
363,-89.1663,13.0001,2019-11-13-1959,1,39.4761,Intra 1,4.53
364,-90.1071,13.119,2019-11-14-0341,1,38.9432,Intra 1,3.03
365,-90.2108,13.3549,2019-11-16-1622,1,15.7748,Intra 1,4.11
366,-90.1122,13.272,2019-11-17-0916,1,7.469,Superficial,3.38
367,-89.1132,12.9795,2019-11-22-0718,1,28.716,Intra 1,4.02
368,-90.3774,12.7017,2019-11-26-0850,1,34.9278,Intra 1,2.88
369,-90.3131,13.0788,2019-11-28-2110,1,14.152,Superficial,4.09
370,-90.167,13.3457,2019-12-03-1030,1,24.2871,Intra 1,2.92
371,-88.8541,12.6766,2019-12-03-1338,1,16.9326,Intra 1,5.08
372,-88.3106,12.7476,2019-12-05-0456,1,19.2663,Intra 1,4.49
373,-89.6056,13.1206,2019-12-06-0500,1,44.3734,Intra 1,4.41
374,-89.5797,12.899,2019-12-07-1152,1,23.8822,Intra 1,4.13
375,-90.3924,13.3394,2019-12-08-0929,1,42.1655,Intra 1,3.64
376,-90.3275,13.1441,2019-12-10-0924,1,15.9837,Intra 1,3.43
377,-90.3267,13.3698,2019-12-11-0120,1,35.7079,Intra 1,3.15
378,-90.3464,12.823,2019-12-13-1340,1,41.0112,Intra 1,4.15
379,-90.4918,12.8767,2019-12-14-0522,1,39.8256,Intra 1,4.05
380,-90.4602,12.9409,2019-12-14-0727,1,16.1602,Intra 1,4.53
381,-90.4144,13.274,2019-12-15-0242,1,15.0243,Intra 1,3.14
382,-89.7812,12.2176,2019-12-16-0947,1,21.054,Intra 1,3.6
383,-89.6579,13.1094,2019-12-20-0054,1,34.9529,Intra 1,3.21
384,-89.5959,13.1814,2019-12-20-0321,1,20.4146,Intra 1,2.94
385,-89.095,12.9571,2019-12-21-1747,1,35.1237,Intra 1,4.75
386,-89.9156,13.2182,2019-12-25-1454,1,16.6515,Intra 1,3.84
387,-89.977,13.2481,2019-12-31-1925,1,12.1589,Superficial,3.83
388,-91.5806,14.0589,2019-02-11-2216,2,28.9902,Intra 1,3.7
389,-91.4204,13.9507,2019-02-16-1518,2,53.8779,Intra 1,3.94
390,-90.4881,13.7973,2019-02-18-0709,2,105.8435,Intra 2,2.87
391,-89.6476,13.4609,2019-02-21-0851,2,51.1291,Intra 1,4.27
392,-92.1513,14.3829,2019-02-22-1556,2,53.7515,Intra 1,4.64
393,-92.1688,14.4079,2019-02-23-0213,2,54.0725,Intra 1,3.83
394,-92.369,14.4948,2019-03-02-1808,2,32.3254,Intra 1,4.2
395,-91.5532,14.1342,2019-03-07-2349,2,72.6986,Intra 2,4.14
396,-92.2957,14.5865,2019-03-13-0044,2,71.8907,Intra 2,3.62
397,-91.5995,14.2069,2019-03-20-0453,2,100.9393,Intra 2,3.12
398,-92.0936,14.2556,2019-03-23-1758,2,70.2429,Intra 2,4.4
399,-90.7651,13.6727,2019-03-23-1941,2,49.2754,Intra 1,4.15
400,-91.327,14.1082,2019-03-25-0539,2,78.9772,Intra 2,3.86
401,-90.7799,13.707,2019-03-26-0916,2,56.6333,Intra 1,4.5
402,-91.8184,14.1342,2019-03-27-1647,2,64.9146,Intra 1,4.32
403,-90.6901,13.6008,2019-03-29-1157,2,59.9949,Intra 1,3.79
404,-91.5797,14.1556,2019-03-31-1216,2,74.2039,Intra 2,3.9
405,-91.6109,14.1659,2019-03-31-1351,2,81.2076,Intra 2,4.07
406,-91.7346,14.297,2019-03-31-1458,2,75.8074,Intra 2,4.53
407,-91.2651,14.0778,2019-04-02-0038,2,85.0786,Intra 2,3.59
408,-91.0882,13.8421,2019-04-03-0944,2,67.3686,Intra 2,4.63
409,-91.5712,14.1842,2019-04-08-0227,2,68.1537,Intra 2,3.53
410,-90.4245,13.5374,2019-04-13-1922,2,77.9897,Intra 2,3.53
411,-89.9628,13.6277,2019-04-14-0330,2,86.7896,Intra 2,4.27
412,-90.1341,13.4661,2019-04-14-1744,2,63.7778,Intra 1,3.54
413,-91.3192,14.0126,2019-04-21-1512,2,76.5179,Intra 2,3.83
414,-89.7117,13.2675,2019-05-02-0038,2,18.9547,Intra 1,4.08
415,-90.4221,13.4955,2019-05-02-0424,2,51.1361,Intra 1,3.6
416,-90.0316,13.5673,2019-05-04-1612,2,89.8276,Intra 2,4.19
417,-91.5641,14.1016,2019-05-05-1926,2,80.3394,Intra 2,4.17
418,-89.5947,13.206,2019-05-06-0357,2,36.2072,Intra 1,4.12
419,-91.672,14.1887,2019-05-07-0256,2,84.8575,Intra 2,3.97
420,-90.9971,13.9306,2019-05-11-0450,2,29.5425,Intra 1,3.53
421,-91.6353,14.0753,2019-05-15-0648,2,62.9612,Intra 1,4.04
422,-90.5826,13.5951,2019-05-18-1234,2,73.2354,Intra 2,3.7
423,-89.3281,13.2379,2019-05-19-0937,2,39.4793,Intra 1,3.91
424,-91.3871,14.0871,2019-05-22-0412,2,71.813,Intra 2,5.09
425,-89.3852,13.4193,2019-05-25-2159,2,72.0915,Intra 2,4.3
426,-90.992,13.8077,2019-05-26-2234,2,55.9459,Intra 1,3.13
427,-91.7685,14.2109,2019-05-28-0648,2,78.8589,Intra 2,3.28
428,-91.2139,13.9772,2019-05-28-2102,2,64.9006,Intra 1,3.53
429,-89.7493,13.3678,2019-05-30-2117,2,22.8108,Intra 1,4.09
430,-92.1614,14.4151,2019-05-31-0131,2,72.0653,Intra 2,3.38
431,-89.4071,13.1583,2019-05-31-0513,2,54.7412,Intra 1,3.43
432,-89.637,13.3075,2019-05-31-0605,2,118.7872,Intra 2,3.75
433,-89.4403,13.2867,2019-05-31-1248,2,108.672,Intra 2,3.61
434,-89.5053,13.1756,2019-06-01-0327,2,69.5773,Intra 2,2.98
435,-89.2693,13.3152,2019-06-02-2001,2,24.4185,Intra 1,4.77
436,-89.3963,13.2615,2019-06-04-1127,2,47.6825,Intra 1,3.96
437,-89.4447,13.3018,2019-06-06-2130,2,49.8622,Intra 1,3.67
438,-91.7686,14.2614,2019-06-09-2046,2,60.9942,Intra 1,3.57
439,-91.4317,14.1267,2019-06-12-0616,2,81.927,Intra 2,2.92
440,-90.1751,13.7162,2019-06-12-2112,2,91.2692,Intra 2,3.74
441,-92.3813,14.519,2019-06-13-0841,2,39.9324,Intra 1,3.38
442,-89.5216,13.311,2019-06-14-1716,2,59.4213,Intra 1,4.32
443,-91.7891,14.2296,2019-06-16-1908,2,56.1071,Intra 1,3.58
444,-91.4119,14.0722,2019-06-18-0712,2,51.0589,Intra 1,3.07
445,-92.0664,14.3763,2019-06-19-2209,2,71.2664,Intra 2,3.9
446,-91.462,14.0707,2019-06-20-0447,2,87.2195,Intra 2,3.58
447,-91.573,14.0204,2019-06-20-1342,2,28.6493,Intra 1,3.74
448,-90.6195,13.6954,2019-06-21-0855,2,71.0116,Intra 2,3.9
449,-88.9555,13.2819,2019-06-28-0830,2,39.9601,Intra 1,4.08
450,-91.8542,14.3122,2019-06-28-1059,2,81.8261,Intra 2,4.08
451,-88.7617,13.0573,2019-06-30-0943,2,61.2887,Intra 1,4.24
452,-92.3729,14.8514,2019-06-30-2301,2,87.2126,Intra 2,3.76
453,-91.5913,14.0915,2019-07-02-1347,2,37.9586,Intra 1,4.09
454,-91.5628,14.1549,2019-07-07-1356,2,67.9993,Intra 2,3.75
455,-91.9166,14.2754,2019-07-08-0811,2,67.4506,Intra 2,4.1
456,-91.2569,13.9572,2019-07-10-0007,2,71.9106,Intra 2,4.76
457,-91.2461,13.9676,2019-07-10-0009,2,70.3753,Intra 2,4.13
458,-91.2495,14.005,2019-07-10-0013,2,70.7303,Intra 2,3.98
459,-91.2588,14.0152,2019-07-10-0039,2,75.2062,Intra 2,3.78
460,-91.2545,14.0191,2019-07-10-0056,2,72.1932,Intra 2,4.04
461,-89.608,13.2296,2019-07-10-0303,2,7.7043,Superficial,4.76
462,-91.2496,13.9393,2019-07-10-0527,2,53.1917,Intra 1,3.17
463,-91.2622,14.0091,2019-07-11-0737,2,72.0724,Intra 2,3.36
464,-91.2501,13.9956,2019-07-11-1028,2,71.1323,Intra 2,3.74
465,-92.2017,14.569,2019-07-11-1127,2,74.5431,Intra 2,4.47
466,-91.233,14.0463,2019-07-11-1353,2,64.0853,Intra 1,3.22
467,-91.2508,14.0188,2019-07-13-0458,2,70.4963,Intra 2,3.52
468,-91.2342,13.893,2019-07-14-2345,2,31.6563,Intra 1,3.38
469,-92.0255,14.5755,2019-07-16-0335,2,93.899,Intra 2,3.33
470,-89.351,13.1284,2019-07-17-0235,2,59.4638,Intra 1,3.37
471,-89.9733,13.3528,2019-07-17-1815,2,28.5948,Intra 1,4.07
472,-90.1207,13.3707,2019-07-20-1027,2,44.5678,Intra 1,2.97
473,-90.8181,13.6645,2019-07-21-0149,2,51.8004,Intra 1,4.31
474,-90.7657,13.9474,2019-07-21-0706,2,104.1016,Intra 2,3.02
475,-91.8366,14.206,2019-07-22-0827,2,72.0951,Intra 2,3.16
476,-92.0301,14.424,2019-07-23-1937,2,77.5878,Intra 2,3.02
477,-91.432,14.1363,2019-07-23-2304,2,71.3194,Intra 2,3.69
478,-91.5434,14.212,2019-07-24-2037,2,68.3837,Intra 2,3.19
479,-89.5341,13.3947,2019-07-25-0537,2,76.9133,Intra 2,3.56
480,-88.5553,12.9226,2019-07-26-0842,2,40.3227,Intra 1,4.03
481,-89.9816,13.3734,2019-07-27-2340,2,63.2545,Intra 1,3.5
482,-89.2515,13.228,2019-07-28-0107,2,29.7361,Intra 1,4.01
483,-91.3182,14.0067,2019-07-28-1055,2,103.5725,Intra 2,3.4
484,-90.0815,13.4646,2019-07-29-0259,2,41.6717,Intra 1,2.86
485,-89.4845,13.1821,2019-07-31-0750,2,45.1576,Intra 1,4.08
486,-90.7813,13.6844,2019-07-31-1010,2,68.6686,Intra 2,3.15
487,-91.873,14.608,2019-07-31-1616,2,101.095,Intra 2,3.85
488,-89.4138,13.1666,2019-07-31-1716,2,56.0123,Intra 1,4.34
489,-88.4828,12.8522,2019-08-10-0211,2,34.8439,Intra 1,4.03
490,-91.4407,14.13,2019-08-10-1143,2,73.5537,Intra 2,3.6
491,-90.9657,13.9005,2019-08-12-1019,2,95.3992,Intra 2,3.33
492,-89.6514,13.2458,2019-08-15-0840,2,15.9272,Intra 1,3.14
493,-92.2791,14.3425,2019-08-15-2104,2,66.6275,Intra 2,4.01
494,-92.0773,14.3836,2019-08-21-1015,2,71.9439,Intra 2,3.64
495,-90.9665,13.8717,2019-08-21-1808,2,82.6503,Intra 2,3.34
496,-91.4526,13.9809,2019-08-27-0404,2,73.725,Intra 2,3.74
497,-89.5456,13.2215,2019-08-27-2315,2,16.2615,Intra 1,3.78
498,-91.5496,14.1709,2019-08-30-0938,2,70.4398,Intra 2,3.63
499,-90.8732,13.7667,2019-08-30-2231,2,60.3816,Intra 1,3.11
500,-91.8702,14.2982,2019-08-31-1305,2,71.9778,Intra 2,3.67
501,-91.9327,14.349,2019-08-31-1649,2,69.3174,Intra 2,3.36
502,-88.5327,12.887,2019-09-03-1213,2,39.0,Intra 1,4.34
503,-88.863,13.2888,2019-09-05-0531,2,46.5417,Intra 1,3.97
504,-89.581,13.2131,2019-09-06-1900,2,40.1849,Intra 1,3.97
505,-91.7448,14.3183,2019-09-08-1425,2,80.5965,Intra 2,3.37
506,-89.3446,13.1551,2019-09-10-0344,2,36.6733,Intra 1,3.67
507,-90.1624,13.6037,2019-09-11-1530,2,80.8582,Intra 2,2.64
508,-91.0289,14.1677,2019-09-11-1842,2,106.7693,Intra 2,3.77
509,-89.5987,13.2297,2019-09-13-0220,2,34.0147,Intra 1,3.92
510,-91.063,13.8553,2019-09-13-1604,2,83.4986,Intra 2,4.07
511,-90.9106,13.9624,2019-09-14-0313,2,31.3774,Intra 1,3.17
512,-90.0242,13.4409,2019-09-15-0138,2,25.9693,Intra 1,4.11
513,-90.0907,13.4437,2019-09-17-1003,2,27.6016,Intra 1,3.61
514,-92.0919,14.4778,2019-09-17-1911,2,78.2841,Intra 2,4.94
515,-92.0873,14.4706,2019-09-17-1915,2,75.9841,Intra 2,3.85
516,-91.9917,14.2774,2019-09-19-0406,2,64.8143,Intra 1,3.96
517,-90.1289,13.427,2019-09-19-1520,2,54.8578,Intra 1,3.84
518,-91.8913,14.6695,2019-09-20-0345,2,106.7996,Intra 2,3.18
519,-91.4175,14.1632,2019-09-22-0820,2,73.0075,Intra 2,3.16
520,-90.5509,13.5321,2019-09-23-1215,2,27.6805,Intra 1,2.57
521,-91.5245,14.4546,2019-09-24-0228,2,119.4083,Intra 2,3.7
522,-91.4832,13.9906,2019-09-28-0849,2,76.6929,Intra 2,3.4
523,-89.8965,13.3193,2019-09-28-2047,2,39.4217,Intra 1,3.71
524,-91.2112,13.8447,2019-09-29-0408,2,27.3757,Intra 1,2.81
525,-90.0876,13.4339,2019-09-30-0245,2,27.3509,Intra 1,4.25
526,-91.0375,13.9436,2019-10-01-0622,2,85.1692,Intra 2,4.2
527,-90.3805,13.5066,2019-10-01-1123,2,28.6542,Intra 1,2.63
528,-91.6016,14.3772,2019-10-02-0210,2,84.065,Intra 2,3.09
529,-90.5608,13.6351,2019-10-02-0405,2,57.7698,Intra 1,2.81
530,-89.4382,13.1412,2019-10-04-0924,2,50.2565,Intra 1,3.87
531,-91.8425,14.1453,2019-10-05-0913,2,63.9264,Intra 1,3.24
532,-91.8679,14.2091,2019-10-06-0447,2,65.3777,Intra 2,4.33
533,-91.8789,14.2324,2019-10-06-0535,2,70.2924,Intra 2,3.38
534,-91.7569,14.1488,2019-10-06-0712,2,14.1826,Superficial,3.7
535,-92.1183,14.4143,2019-10-07-0438,2,74.2075,Intra 2,4.83
536,-91.841,14.1388,2019-10-07-0602,2,60.3251,Intra 1,3.18
537,-92.0586,14.3894,2019-10-07-0806,2,69.28,Intra 2,2.87
538,-91.597,14.2131,2019-10-09-0203,2,12.3114,Superficial,3.46
539,-90.3599,13.656,2019-10-09-1137,2,26.583,Intra 1,3.35
540,-91.4178,13.9628,2019-10-10-0812,2,74.8407,Intra 2,3.97
541,-91.3137,14.0477,2019-10-10-1527,2,76.5961,Intra 2,4.03
542,-92.2441,14.8612,2019-10-11-0816,2,84.6722,Intra 2,3.35
543,-91.9769,14.3926,2019-10-12-0856,2,49.0495,Intra 1,3.06
544,-92.0005,14.3997,2019-10-12-1247,2,73.0,Intra 2,3.63
545,-89.2851,13.2594,2019-10-13-1051,2,10.1801,Superficial,3.73
546,-91.4937,14.2091,2019-10-14-0334,2,11.1146,Superficial,3.55
547,-91.5809,14.065,2019-10-16-1128,2,28.8788,Intra 1,3.47
548,-89.8283,13.3885,2019-10-16-1846,2,24.5098,Intra 1,3.63
549,-89.2983,13.0933,2019-10-21-1111,2,35.0493,Intra 1,3.52
550,-89.0591,13.0362,2019-10-22-1446,2,39.0184,Intra 1,4.22
551,-91.3771,14.0302,2019-10-23-1000,2,29.4049,Intra 1,3.5
552,-90.089,13.3903,2019-10-24-1318,2,18.8134,Intra 1,3.89
553,-91.6708,14.2582,2019-10-24-2113,2,68.4086,Intra 2,3.44
554,-90.4965,13.6502,2019-10-24-2213,2,78.4927,Intra 2,3.06
555,-91.1419,13.8153,2019-10-28-1054,2,63.1704,Intra 1,3.32
556,-89.2417,13.1679,2019-10-29-0908,2,25.0843,Intra 1,4.07
557,-91.8651,14.2239,2019-10-30-0527,2,61.5779,Intra 1,3.39
558,-92.2379,14.4628,2019-10-30-1026,2,59.1132,Intra 1,3.46
559,-92.143,14.4142,2019-10-31-0323,2,80.3261,Intra 2,3.95
560,-90.304,13.6139,2019-10-31-1626,2,81.096,Intra 2,3.74
561,-91.5636,14.159,2019-11-02-0439,2,62.7133,Intra 1,4.06
562,-88.5797,13.1337,2019-11-02-1458,2,35.4376,Intra 1,4.25
563,-90.052,13.4943,2019-11-03-1551,2,63.0857,Intra 1,4.02
564,-91.2388,14.0809,2019-11-05-0526,2,83.9884,Intra 2,3.05
565,-89.9173,13.3209,2019-11-06-1408,2,27.876,Intra 1,3.62
566,-91.8815,14.2685,2019-11-07-1643,2,67.4305,Intra 2,4.46
567,-91.3216,14.0449,2019-11-07-1956,2,75.2867,Intra 2,3.88
568,-91.3129,13.9257,2019-11-08-0827,2,33.6792,Intra 1,3.0
569,-90.537,13.5436,2019-11-09-1630,2,48.5948,Intra 1,3.88
570,-91.2041,13.8408,2019-11-09-2256,2,66.8098,Intra 2,3.97
571,-91.0024,13.7465,2019-11-13-1645,2,73.0492,Intra 2,2.9
572,-91.0335,13.7658,2019-11-14-0140,2,68.4197,Intra 2,3.69
573,-90.08,13.3854,2019-11-14-0822,2,15.6563,Intra 1,3.25
574,-91.9516,14.4356,2019-11-15-0702,2,83.2252,Intra 2,3.34
575,-91.4209,14.0874,2019-11-16-0350,2,66.4792,Intra 2,3.22
576,-90.8979,13.7386,2019-11-17-0222,2,14.519,Superficial,2.69
577,-91.4582,14.0847,2019-11-18-0440,2,79.9349,Intra 2,4.21
578,-90.9505,13.7545,2019-11-18-2153,2,62.1268,Intra 1,3.66
579,-91.1581,13.8435,2019-11-19-0001,2,49.9419,Intra 1,3.81
580,-91.0676,13.8417,2019-11-21-0022,2,60.1261,Intra 1,3.87
581,-89.2318,13.1088,2019-11-21-0208,2,35.1545,Intra 1,4.47
582,-89.9921,13.5432,2019-11-21-0953,2,51.5283,Intra 1,2.6
583,-88.8322,13.0576,2019-11-22-0353,2,42.0614,Intra 1,4.33
584,-90.0125,13.358,2019-11-22-1840,2,27.373,Intra 1,3.34
585,-91.8951,14.1738,2019-11-23-0100,2,41.278,Intra 1,2.94
586,-92.25,14.5686,2019-11-23-1418,2,81.0458,Intra 2,3.74
587,-90.645,13.6198,2019-11-24-1512,2,34.8065,Intra 1,4.07
588,-89.0422,13.1133,2019-11-25-0541,2,26.2365,Intra 1,4.05
589,-89.7505,13.4685,2019-11-25-0615,2,79.0757,Intra 2,2.95
590,-91.1572,13.8979,2019-11-27-0340,2,64.0459,Intra 1,3.35
591,-92.247,14.6175,2019-11-30-0857,2,73.7022,Intra 2,3.59
592,-91.0055,13.8089,2019-12-01-0737,2,69.6659,Intra 2,3.04
593,-92.1013,14.3067,2019-12-01-0822,2,64.5839,Intra 1,3.87
594,-89.5831,13.2063,2019-12-02-1457,2,24.351,Intra 1,4.18
595,-90.4267,13.5506,2019-12-03-2355,2,55.3026,Intra 1,3.46
596,-89.366,13.2117,2019-12-04-0338,2,22.9016,Intra 1,3.65
597,-92.3292,14.4787,2019-12-07-0751,2,47.1712,Intra 1,3.66
598,-90.3376,13.7203,2019-12-07-1259,2,80.5731,Intra 2,3.3
599,-92.2867,14.5086,2019-12-08-0736,2,56.5051,Intra 1,3.4
600,-91.249,13.8631,2019-12-14-1450,2,62.7214,Intra 1,3.64
601,-91.9159,14.406,2019-12-20-0606,2,89.9539,Intra 2,3.3
602,-91.546,14.1992,2019-12-20-1118,2,71.0682,Intra 2,3.2
603,-91.0456,13.9834,2019-12-23-0617,2,89.6251,Intra 2,4.01
604,-92.1067,14.3065,2019-12-23-2309,2,64.1158,Intra 1,5.28
605,-89.5791,13.2143,2019-12-24-0019,2,35.5771,Intra 1,4.68
606,-92.1794,14.7216,2019-12-26-1538,2,99.1815,Intra 2,3.78
607,-89.757,13.2732,2019-12-29-0820,2,17.374,Intra 1,3.4
608,-89.9781,13.4231,2019-12-29-2017,2,24.9796,Intra 1,3.97
609,-90.7639,13.6417,2019-12-31-1952,2,65.8033,Intra 2,4.29
610,-91.3688,13.9751,2020-01-01-1718,2,64.1284,Intra 1,3.63
611,-89.9773,14.1402,2019-02-05-0826,3,12.4612,Superficial,2.78
612,-90.0792,13.8525,2019-06-22-0943,3,121.9973,Intra 2,2.75
613,-89.9531,14.0312,2019-07-07-1453,3,146.022,Intra 2,3.28
614,-90.0504,13.9891,2019-10-09-0548,3,17.5833,Intra 1,2.67
615,-89.8497,14.0663,2019-10-16-0837,3,11.1961,Superficial,2.7
616,-89.8428,14.0405,2019-10-16-0900,3,12.7154,Superficial,2.81
617,-89.854,14.0644,2019-10-16-0931,3,13.1926,Superficial,2.7
618,-89.8524,14.0642,2019-10-16-0938,3,10.0947,Superficial,2.72
619,-89.8531,14.059,2019-10-16-1016,3,15.8476,Intra 1,2.99
620,-90.078,14.0025,2019-10-27-0715,3,158.1147,Profundo,3.08
621,-89.9667,14.0445,2019-11-03-2202,3,143.8084,Intra 2,3.18
622,-89.1876,13.7612,2019-11-12-1357,3,3.0913,Superficial,4.16
623,-89.0139,13.7423,2019-11-13-0335,3,17.7171,Intra 1,4.29
624,-89.1695,13.7264,2019-11-15-0445,3,6.3194,Superficial,3.12
625,-89.2118,13.7626,2019-11-15-0811,3,5.7953,Superficial,3.32
626,-89.2708,13.8385,2019-11-16-1853,3,4.5366,Superficial,4.05
627,-89.2127,13.7319,2019-11-17-0419,3,15.6389,Intra 1,3.19
628,-89.1931,13.7012,2019-11-18-1121,3,7.6273,Superficial,3.68
629,-89.1114,13.6954,2019-11-22-2232,3,9.296,Superficial,3.94
630,-89.3642,13.6766,2019-11-29-1256,3,132.2402,Intra 2,4.03
631,-89.3835,13.8288,2019-12-10-2337,3,2.8689,Superficial,4.2
632,-89.4509,13.8213,2019-12-13-2351,3,13.454,Superficial,3.05
633,-90.0209,13.7961,2019-12-23-0250,3,104.9368,Intra 2,3.81
634,-89.7388,14.0875,2019-12-29-0848,3,2.9792,Superficial,2.7
635,-91.9623,15.1947,2019-08-21-0955,4,150.5135,Profundo,3.02
636,-91.0621,14.3842,2019-02-04-1850,5,57.1055,Intra 1,3.76
637,-91.0957,14.5549,2019-02-10-1006,5,19.5471,Intra 1,2.61
638,-90.6154,14.6896,2019-02-10-1734,5,3.7278,Superficial,2.15
639,-90.798,14.653,2019-02-20-1426,5,12.4627,Superficial,2.64
640,-90.7957,14.6651,2019-02-21-0650,5,11.0875,Superficial,2.37
641,-90.5398,14.4622,2019-02-22-0453,5,12.8564,Superficial,2.19
642,-90.6077,14.6989,2019-03-08-2016,5,12.1934,Superficial,3.06
643,-90.6058,14.6801,2019-03-08-2018,5,12.8325,Superficial,1.81
644,-90.6836,14.4927,2019-03-15-0151,5,9.2901,Superficial,2.95
645,-90.6856,14.4911,2019-03-15-1155,5,10.4993,Superficial,2.87
646,-90.6743,14.4834,2019-03-15-1303,5,10.9585,Superficial,3.24
647,-90.6939,14.4905,2019-03-15-1326,5,9.7365,Superficial,2.51
648,-90.68,14.4948,2019-03-15-1330,5,7.2114,Superficial,2.67
649,-90.6745,14.4854,2019-03-15-1517,5,10.5389,Superficial,3.28
650,-90.6833,14.4996,2019-03-15-1708,5,10.235,Superficial,2.47
651,-90.6774,14.5027,2019-03-15-2014,5,9.0261,Superficial,2.5
652,-90.6742,14.492,2019-03-15-2032,5,9.8023,Superficial,2.46
653,-90.6778,14.4974,2019-03-15-2316,5,7.3123,Superficial,2.24
654,-90.6759,14.4885,2019-03-16-0215,5,10.4981,Superficial,3.02
655,-90.6743,14.4955,2019-03-16-0600,5,10.4212,Superficial,2.42
656,-90.6877,14.489,2019-03-16-0813,5,11.4266,Superficial,1.95
657,-90.6868,14.4905,2019-03-16-1801,5,10.563,Superficial,3.15
658,-90.6804,14.5084,2019-03-16-1938,5,10.7572,Superficial,2.25
659,-90.6956,14.4857,2019-03-17-0135,5,8.6734,Superficial,2.5
660,-90.6825,14.4942,2019-03-17-0653,5,9.8572,Superficial,1.8
661,-90.679,14.4925,2019-03-17-0656,5,10.3872,Superficial,3.4
662,-90.7011,14.4918,2019-03-17-0710,5,10.0616,Superficial,1.89
663,-90.6794,14.4915,2019-03-17-0727,5,11.0578,Superficial,1.92
664,-90.6776,14.4912,2019-03-17-0915,5,9.8924,Superficial,1.85
665,-90.6818,14.4873,2019-03-17-0934,5,10.8549,Superficial,1.62
666,-90.6705,14.5106,2019-03-17-0935,5,8.296,Superficial,1.77
667,-90.6764,14.4898,2019-03-17-1029,5,7.7128,Superficial,1.89
668,-90.5023,14.5064,2019-03-17-1439,5,10.833,Superficial,2.4
669,-90.6892,14.4905,2019-03-24-1842,5,7.4366,Superficial,2.52
670,-90.6842,14.488,2019-03-24-1944,5,7.1395,Superficial,3.48
671,-90.6759,14.486,2019-03-25-0542,5,10.1763,Superficial,1.74
672,-90.6742,14.4812,2019-03-26-1135,5,10.4061,Superficial,2.31
673,-90.6926,14.4472,2019-03-27-2106,5,4.1157,Superficial,3.14
674,-90.6904,14.446,2019-03-27-2108,5,2.2807,Superficial,2.45
675,-90.6961,14.4389,2019-03-27-2154,5,1.9891,Superficial,2.65
676,-90.6977,14.4344,2019-03-27-2245,5,2.4269,Superficial,2.98
677,-90.6948,14.4469,2019-03-27-2246,5,3.9173,Superficial,4.1
678,-90.6916,14.4498,2019-03-27-2251,5,3.5239,Superficial,3.87
679,-90.6934,14.4436,2019-03-27-2259,5,4.1826,Superficial,3.81
680,-90.6982,14.442,2019-03-27-2300,5,3.7726,Superficial,2.84
681,-90.6963,14.4378,2019-03-27-2305,5,4.7894,Superficial,3.1
682,-90.6898,14.4508,2019-03-27-2329,5,4.369,Superficial,3.79
683,-90.7009,14.4335,2019-03-27-2331,5,6.9216,Superficial,3.66
684,-90.7165,14.4471,2019-03-27-2344,5,2.9369,Superficial,3.65
685,-90.6931,14.4455,2019-03-28-0009,5,1.9858,Superficial,2.2
686,-90.6928,14.4504,2019-03-28-0035,5,4.6086,Superficial,3.84
687,-90.6995,14.4487,2019-03-28-0040,5,4.8352,Superficial,2.56
688,-90.697,14.4411,2019-03-28-0041,5,4.6331,Superficial,2.49
689,-90.6969,14.4533,2019-03-28-0106,5,3.7173,Superficial,2.37
690,-90.6951,14.4385,2019-03-28-0310,5,3.7886,Superficial,2.17
691,-90.704,14.423,2019-03-28-0509,5,5.0463,Superficial,2.04
692,-90.693,14.4404,2019-03-28-0704,5,6.511,Superficial,1.83
693,-90.6695,14.4808,2019-03-28-0929,5,7.3108,Superficial,3.14
694,-90.6761,14.4947,2019-03-28-0935,5,10.2076,Superficial,2.05
695,-90.6968,14.4422,2019-03-28-1359,5,3.0627,Superficial,2.83
696,-90.692,14.4457,2019-03-28-1802,5,4.4767,Superficial,3.7
697,-90.6918,14.4584,2019-03-28-1845,5,5.2078,Superficial,2.24
698,-90.6931,14.4511,2019-03-28-1950,5,1.1844,Superficial,2.76
699,-90.6796,14.4923,2019-03-28-2225,5,7.611,Superficial,3.4
700,-90.6826,14.4864,2019-03-28-2253,5,6.0658,Superficial,2.17
701,-90.5581,14.503,2019-03-28-2255,5,0.6464,Superficial,2.01
702,-90.6927,14.4559,2019-03-28-2357,5,1.7238,Superficial,2.79
703,-90.7155,14.4602,2019-03-29-0000,5,10.0,Superficial,2.39
704,-90.7001,14.4492,2019-03-29-0019,5,2.591,Superficial,2.25
705,-90.6846,14.4536,2019-03-29-0046,5,0.9792,Superficial,2.45
706,-90.6837,14.4869,2019-03-29-0801,5,9.4823,Superficial,1.89
707,-90.6838,14.4895,2019-03-29-0846,5,10.2817,Superficial,2.41
708,-90.694,14.4525,2019-03-29-0916,5,3.5491,Superficial,2.05
709,-90.6847,14.447,2019-03-29-1035,5,3.6906,Superficial,2.59
710,-90.508,14.4781,2019-03-30-0657,5,7.7472,Superficial,1.93
711,-90.7118,14.4528,2019-03-31-0426,5,0.7121,Superficial,2.12
712,-90.7093,14.4515,2019-03-31-0930,5,5.3999,Superficial,2.55
713,-90.5016,14.5362,2019-03-31-1014,5,12.3855,Superficial,1.38
714,-90.7022,14.452,2019-03-31-1254,5,4.6832,Superficial,4.38
715,-90.7055,14.4517,2019-03-31-1318,5,5.5941,Superficial,2.49
716,-90.71,14.4572,2019-03-31-1358,5,2.7111,Superficial,2.49
717,-90.6876,14.4473,2019-03-31-1741,5,4.3062,Superficial,2.72
718,-90.7085,14.4491,2019-03-31-1742,5,4.2525,Superficial,3.51
719,-90.7125,14.4602,2019-03-31-1813,5,4.0227,Superficial,2.73
720,-90.6916,14.4514,2019-03-31-1847,5,6.6775,Superficial,2.66
721,-90.704,14.4433,2019-03-31-2004,5,5.06,Superficial,3.39
722,-90.7011,14.4545,2019-03-31-2146,5,4.4614,Superficial,3.06
723,-90.7078,14.4278,2019-03-31-2152,5,3.9666,Superficial,2.1
724,-90.7095,14.446,2019-03-31-2215,5,3.6832,Superficial,2.8
725,-90.6956,14.4592,2019-04-01-0107,5,5.7024,Superficial,2.09
726,-90.705,14.4475,2019-04-01-0132,5,4.64,Superficial,3.94
727,-90.7037,14.4639,2019-04-01-0202,5,6.9076,Superficial,2.63
728,-90.6921,14.4348,2019-04-01-0314,5,5.7509,Superficial,3.1
729,-90.7108,14.4532,2019-04-01-0425,5,4.3777,Superficial,1.85
730,-90.7209,14.4655,2019-04-01-0456,5,5.4571,Superficial,2.52
731,-90.7077,14.445,2019-04-01-0822,5,5.1104,Superficial,2.25
732,-90.6939,14.4418,2019-04-01-1745,5,5.9111,Superficial,3.6
733,-90.702,14.4512,2019-04-01-1915,5,4.8759,Superficial,2.82
734,-90.5782,14.4488,2019-04-01-1927,5,6.4244,Superficial,2.37
735,-90.712,14.4481,2019-04-01-2227,5,5.752,Superficial,3.07
736,-90.7081,14.4518,2019-04-02-0428,5,5.2112,Superficial,2.75
737,-90.7079,14.4543,2019-04-02-1009,5,5.0469,Superficial,2.81
738,-90.4953,14.6526,2019-04-03-0537,5,11.4575,Superficial,1.71
739,-90.6915,14.449,2019-04-04-1800,5,0.5896,Superficial,2.11
740,-90.697,14.4452,2019-04-06-0854,5,2.9393,Superficial,1.8
741,-90.679,14.4802,2019-04-07-1214,5,7.5747,Superficial,3.15
742,-90.6912,14.452,2019-04-07-2139,5,2.8154,Superficial,2.03
743,-90.7064,14.4598,2019-04-13-2007,5,8.9539,Superficial,3.35
744,-90.6922,14.4434,2019-04-13-2101,5,5.8963,Superficial,2.78
745,-90.5685,14.4081,2019-04-14-1411,5,9.7653,Superficial,2.04
746,-90.6991,14.444,2019-04-16-0334,5,3.401,Superficial,3.36
747,-90.6989,14.4428,2019-04-16-0349,5,4.6384,Superficial,2.72
748,-90.697,14.4452,2019-04-16-0350,5,3.9559,Superficial,2.36
749,-90.6842,14.4396,2019-04-16-0400,5,3.0099,Superficial,2.66
750,-90.6958,14.4496,2019-04-16-0404,5,4.911,Superficial,4.64
751,-90.6964,14.4492,2019-04-16-0405,5,5.102,Superficial,3.39
752,-90.6845,14.4462,2019-04-16-0407,5,5.6014,Superficial,2.61
753,-90.6966,14.4329,2019-04-16-0410,5,4.4835,Superficial,2.07
754,-90.6825,14.4508,2019-04-16-0418,5,3.3557,Superficial,2.29
755,-90.7006,14.4389,2019-04-16-0444,5,1.6239,Superficial,2.98
756,-90.6994,14.4464,2019-04-16-0617,5,2.2706,Superficial,1.77
757,-90.6734,14.4339,2019-04-16-0835,5,5.4906,Superficial,1.79
758,-90.6819,14.4554,2019-04-16-1218,5,1.2462,Superficial,2.56
759,-90.6873,14.453,2019-04-16-1454,5,4.0938,Superficial,3.03
760,-90.71,14.47,2019-04-16-2307,5,8.7331,Superficial,2.46
761,-90.6893,14.4523,2019-04-17-0916,5,1.4991,Superficial,2.42
762,-90.702,14.431,2019-04-17-0951,5,0.27,Superficial,2.47
763,-90.6874,14.4481,2019-04-18-0250,5,4.8525,Superficial,1.94
764,-90.6808,14.45,2019-04-18-1012,5,2.6553,Superficial,2.85
765,-90.6238,14.4245,2019-04-19-0146,5,6.4938,Superficial,1.86
766,-90.6957,14.4701,2019-04-19-1101,5,5.5854,Superficial,1.61
767,-90.6999,14.4421,2019-04-19-1421,5,1.7851,Superficial,1.81
768,-90.7168,14.4487,2019-04-19-1909,5,1.1303,Superficial,2.03
769,-90.6968,14.4286,2019-04-21-0452,5,2.7442,Superficial,2.0
770,-90.6854,14.4596,2019-04-22-1511,5,3.4696,Superficial,2.71
771,-90.6996,14.4352,2019-04-22-1603,5,3.5534,Superficial,2.51
772,-90.7012,14.4383,2019-04-23-0335,5,5.1332,Superficial,2.76
773,-90.7013,14.4501,2019-04-29-1227,5,4.0443,Superficial,2.15
774,-90.6959,14.4469,2019-04-30-1154,5,6.9669,Superficial,2.41
775,-90.8912,14.7837,2019-04-30-1412,5,225.3654,Profundo,3.48
776,-90.5191,14.6081,2019-05-17-2140,5,6.0716,Superficial,1.72
777,-90.5016,14.6408,2019-05-18-0925,5,8.1038,Superficial,1.31
778,-90.5187,14.6096,2019-05-18-1003,5,6.9734,Superficial,1.85
779,-90.1137,14.0435,2019-05-21-2324,5,10.2714,Superficial,2.93
780,-90.5601,14.6178,2019-05-23-1146,5,12.4686,Superficial,2.05
781,-90.5169,14.5046,2019-05-25-1646,5,7.3123,Superficial,2.11
782,-90.5007,14.6133,2019-05-27-0924,5,11.0831,Superficial,1.53
783,-90.6805,14.4706,2019-06-07-0530,5,1.9853,Superficial,2.58
784,-91.207,14.7508,2019-06-07-0615,5,170.6371,Profundo,2.69
785,-90.688,14.4876,2019-06-10-0903,5,0.1601,Superficial,1.92
786,-90.276,14.3423,2019-06-13-0330,5,208.157,Profundo,3.86
787,-90.6007,14.4684,2019-06-15-0742,5,10.9917,Superficial,1.79
788,-90.668,14.4912,2019-06-16-0836,5,4.1682,Superficial,2.17
789,-90.7649,14.3895,2019-06-23-0924,5,12.9479,Superficial,1.93
790,-90.7776,14.605,2019-06-23-1101,5,6.6726,Superficial,2.67
791,-90.7579,14.5917,2019-06-23-1113,5,7.024,Superficial,1.74
792,-90.5409,14.2185,2019-06-25-1843,5,158.0659,Profundo,2.41
793,-90.5452,14.0981,2019-06-26-1404,5,85.5451,Intra 2,2.56
794,-90.6697,14.5178,2019-06-29-1127,5,1.23,Superficial,1.91
795,-90.6811,14.5015,2019-06-30-0703,5,9.1685,Superficial,1.54
796,-90.6846,14.5122,2019-06-30-1226,5,9.7739,Superficial,2.43
797,-90.5321,14.647,2019-07-01-1427,5,6.85,Superficial,1.48
798,-90.6933,14.4895,2019-07-02-0830,5,6.1646,Superficial,2.53
799,-90.6966,14.5153,2019-07-03-0352,5,10.0201,Superficial,1.87
800,-90.6908,14.5195,2019-07-03-0729,5,9.2371,Superficial,1.56
801,-90.5006,14.5655,2019-07-03-0926,5,11.254,Superficial,1.37
802,-90.5141,14.529,2019-07-03-1016,5,8.0982,Superficial,1.61
803,-90.5061,14.549,2019-07-03-1120,5,7.7453,Superficial,1.96
804,-90.5467,14.5406,2019-07-03-1121,5,12.1785,Superficial,1.52
805,-90.5099,14.548,2019-07-03-1127,5,7.8611,Superficial,1.9
806,-90.3598,14.0908,2019-07-05-0018,5,177.3993,Profundo,3.54
807,-90.5186,14.534,2019-07-06-0725,5,2.1493,Superficial,2.28
808,-90.5103,14.5481,2019-07-06-1759,5,9.8559,Superficial,2.08
809,-90.5044,14.5472,2019-07-07-1149,5,5.35,Superficial,1.35
810,-90.6094,14.4052,2019-07-07-1351,5,8.3867,Superficial,2.57
811,-90.3726,13.9794,2019-07-07-2222,5,158.4659,Profundo,3.03
812,-90.5207,14.5382,2019-07-21-0037,5,6.051,Superficial,1.24
813,-90.4867,14.5698,2019-07-23-0909,5,13.0431,Superficial,1.65
814,-91.3794,14.9135,2019-07-29-0416,5,169.4209,Profundo,2.98
815,-91.0559,14.7617,2019-08-12-0925,5,8.9763,Superficial,2.36
816,-90.2808,14.4113,2019-08-20-0916,5,221.4781,Profundo,2.19
817,-90.5778,14.4345,2019-08-25-0122,5,10.3833,Superficial,1.7
818,-90.6199,14.457,2019-09-01-0157,5,5.6605,Superficial,1.84
819,-90.4379,14.5948,2019-09-07-0119,5,9.947,Superficial,1.4
820,-90.4148,14.3995,2019-09-08-1833,5,6.9602,Superficial,1.9
821,-90.6756,14.5014,2019-09-11-1007,5,1.5119,Superficial,2.31
822,-90.6675,14.501,2019-09-11-1155,5,1.4277,Superficial,2.03
823,-90.6789,14.4909,2019-09-13-0554,5,2.8456,Superficial,1.89
824,-90.6648,14.5049,2019-09-13-1029,5,2.3521,Superficial,1.59
825,-90.6836,14.4802,2019-09-14-0503,5,3.0634,Superficial,1.96
826,-90.6889,14.4799,2019-09-14-0515,5,3.5848,Superficial,2.55
827,-90.6818,14.4802,2019-09-14-0530,5,1.8396,Superficial,1.73
828,-90.6781,14.4793,2019-09-15-0206,5,2.8448,Superficial,1.95
829,-90.5334,14.4506,2019-09-15-1650,5,7.4965,Superficial,1.71
830,-90.5371,14.4607,2019-09-15-1652,5,9.2688,Superficial,1.59
831,-90.522,14.5446,2019-09-19-0039,5,12.3186,Superficial,1.14
832,-90.5607,14.5054,2019-09-19-1827,5,15.9706,Intra 1,1.38
833,-90.5329,14.4607,2019-09-24-0205,5,7.1773,Superficial,1.82
834,-90.5449,14.4514,2019-09-25-0549,5,7.1205,Superficial,1.3
835,-90.5447,14.4594,2019-09-25-0600,5,7.8692,Superficial,1.39
836,-90.5999,14.4423,2019-09-25-1111,5,7.2929,Superficial,1.9
837,-90.6636,14.4372,2019-09-29-1511,5,6.3477,Superficial,1.8
838,-90.3677,14.2156,2019-10-04-0407,5,10.9173,Superficial,3.0
839,-90.2851,14.2041,2019-10-05-0904,5,7.724,Superficial,1.81
840,-90.5024,14.4835,2019-10-06-2206,5,6.9622,Superficial,1.5
841,-90.4856,14.5522,2019-10-07-0036,5,9.7957,Superficial,1.59
842,-90.2888,14.2408,2019-10-07-1343,5,2.8026,Superficial,2.44
843,-90.2873,14.01,2019-10-09-2149,5,13.6939,Superficial,2.47
844,-91.4568,14.5517,2019-10-11-2213,5,130.2858,Intra 2,3.25
845,-90.2481,14.1291,2019-10-13-2339,5,155.8244,Profundo,2.84
846,-90.3612,14.2099,2019-10-17-1618,5,174.5627,Profundo,2.94
847,-90.0573,14.2183,2019-10-19-1832,5,178.7758,Profundo,3.42
848,-90.6383,14.5057,2019-10-20-0451,5,5.9114,Superficial,1.43
849,-90.2787,14.2826,2019-10-20-1622,5,5.4779,Superficial,2.61
850,-90.5761,14.408,2019-10-20-2342,5,8.3231,Superficial,1.95
851,-90.6137,14.4448,2019-10-20-2345,5,10.5198,Superficial,1.9
852,-90.577,14.4298,2019-10-21-2005,5,3.6869,Superficial,1.84
853,-90.519,14.5199,2019-10-22-2205,5,9.1823,Superficial,1.46
854,-90.2767,14.2837,2019-10-28-0647,5,5.8937,Superficial,3.58
855,-90.5125,14.5199,2019-10-29-0552,5,2.7847,Superficial,1.2
856,-90.2804,14.2639,2019-10-31-0756,5,8.2854,Superficial,3.26
857,-90.2827,14.2821,2019-10-31-1131,5,6.7035,Superficial,2.18
858,-90.8677,14.3982,2019-11-02-1813,5,5.1716,Superficial,2.78
859,-90.2861,14.2716,2019-11-02-1923,5,7.7212,Superficial,2.64
860,-90.6381,14.4722,2019-11-03-0155,5,10.3166,Superficial,1.48
861,-90.6809,14.3747,2019-11-05-0511,5,177.9465,Profundo,2.97
862,-90.2894,14.2635,2019-11-06-0611,5,7.1593,Superficial,2.92
863,-90.4915,14.5024,2019-11-07-0105,5,9.1565,Superficial,1.63
864,-90.4904,14.5072,2019-11-07-0206,5,8.7735,Superficial,1.79
865,-90.491,14.5148,2019-11-07-0740,5,8.6145,Superficial,0.98
866,-90.4883,14.5061,2019-11-07-0745,5,8.486,Superficial,1.35
867,-90.492,14.5008,2019-11-07-0746,5,9.6958,Superficial,1.15
868,-90.4883,14.5095,2019-11-07-1129,5,9.119,Superficial,1.56
869,-90.4825,14.5166,2019-11-07-1302,5,6.8775,Superficial,1.52
870,-90.4961,14.501,2019-11-09-0730,5,10.0524,Superficial,1.63
871,-90.3625,14.355,2019-11-09-0831,5,202.888,Profundo,4.53
872,-90.4916,14.5145,2019-11-09-0901,5,8.7624,Superficial,1.07
873,-90.4925,14.5073,2019-11-10-0653,5,10.041,Superficial,1.41
874,-90.5384,14.6174,2019-11-12-0932,5,13.4743,Superficial,1.54
875,-90.648,14.5907,2019-11-24-2229,5,12.078,Superficial,2.46
876,-90.6606,14.5937,2019-11-24-2230,5,7.7846,Superficial,2.2
877,-90.4665,14.2678,2019-11-24-2339,5,17.1697,Intra 1,1.99
878,-90.5945,14.4274,2019-11-28-0058,5,8.7393,Superficial,2.2
879,-90.7385,14.6046,2019-12-01-0030,5,9.9489,Superficial,1.92
880,-90.7155,14.6101,2019-12-01-0422,5,13.1427,Superficial,1.99
881,-90.7443,14.6181,2019-12-01-0801,5,7.6047,Superficial,2.21
882,-90.746,14.6039,2019-12-01-1418,5,9.4869,Superficial,1.89
883,-90.3889,14.0425,2019-12-01-2337,5,139.8735,Intra 2,3.78
884,-90.3826,14.4365,2019-12-03-0458,5,7.7261,Superficial,2.0
885,-90.7403,14.6074,2019-12-04-0611,5,5.8692,Superficial,2.33
886,-90.7259,14.5941,2019-12-04-0845,5,7.8193,Superficial,1.44
887,-90.7301,14.6045,2019-12-04-0856,5,6.1226,Superficial,1.67
888,-90.7448,14.6088,2019-12-04-1031,5,5.7822,Superficial,1.91
889,-90.5288,14.512,2019-12-08-0338,5,11.1627,Superficial,1.35
890,-90.5156,14.6053,2019-12-09-0556,5,11.1465,Superficial,0.88
891,-90.2958,14.294,2019-12-12-0211,5,10.1479,Superficial,2.45
892,-90.6478,14.2528,2019-12-18-0957,5,151.461,Profundo,2.13
893,-90.767,14.465,2019-12-20-0925,5,5.6227,Superficial,2.64
894,-90.4359,14.1827,2019-12-21-2148,5,12.5868,Superficial,2.84
895,-90.4518,14.4985,2019-12-31-0203,5,4.0991,Superficial,1.25
896,-91.0418,14.7417,2019-12-31-0232,5,3.064,Superficial,3.0
897,-90.4969,14.6218,2020-01-01-1414,5,10.9348,Superficial,1.99
898,-90.501,14.6223,2020-01-01-1415,5,10.7559,Superficial,1.42
899,-90.5067,14.7034,2019-02-10-0718,6,3.2675,Superficial,1.01
900,-90.4926,14.7338,2019-02-11-0116,6,3.2704,Superficial,1.88
901,-90.4993,14.7189,2019-02-11-0520,6,3.6954,Superficial,2.09
902,-90.4934,14.7165,2019-02-11-1216,6,3.2124,Superficial,1.93
903,-90.4907,14.7303,2019-02-11-1225,6,4.1676,Superficial,1.59
904,-90.4876,14.7132,2019-02-11-1417,6,2.451,Superficial,1.84
905,-90.5095,14.6915,2019-02-11-1551,6,8.2302,Superficial,1.88
906,-90.4907,14.724,2019-02-12-0055,6,3.3831,Superficial,2.22
907,-90.4953,14.7337,2019-02-12-0659,6,5.4621,Superficial,1.57
908,-90.5031,14.7102,2019-02-12-0835,6,2.9209,Superficial,1.72
909,-90.4913,14.7326,2019-02-12-0836,6,4.3421,Superficial,1.49
910,-90.5123,14.7059,2019-02-13-0513,6,3.1607,Superficial,1.4
911,-90.5004,14.7128,2019-02-13-0646,6,4.1471,Superficial,2.13
912,-90.4948,14.7261,2019-02-13-0650,6,5.6408,Superficial,1.43
913,-90.4955,14.7111,2019-02-13-0651,6,3.7081,Superficial,1.44
914,-90.5013,14.7164,2019-02-14-0849,6,4.5721,Superficial,1.57
915,-89.6915,14.6924,2019-02-17-0904,6,10.8165,Superficial,3.72
916,-90.4829,14.7128,2019-02-17-2109,6,5.9678,Superficial,1.53
917,-90.4963,14.7082,2019-02-19-0030,6,5.3484,Superficial,1.58
918,-90.5002,14.7175,2019-02-19-1620,6,4.0805,Superficial,1.7
919,-90.5006,14.7151,2019-02-22-1126,6,2.9958,Superficial,2.81
920,-89.1314,14.5358,2019-04-05-2351,6,19.8489,Intra 1,4.62
921,-89.0919,14.5763,2019-04-07-1743,6,4.729,Superficial,3.45
922,-90.5128,14.7368,2019-04-08-0138,6,5.8771,Superficial,1.73
923,-89.1307,14.5564,2019-04-08-1314,6,4.679,Superficial,3.79
924,-89.73,14.1912,2019-04-11-0649,6,15.7499,Intra 1,3.48
925,-90.5087,14.7369,2019-04-11-1230,6,3.7295,Superficial,2.05
926,-90.4722,14.6592,2019-04-14-0746,6,1.0384,Superficial,2.47
927,-89.1326,14.5147,2019-06-02-1309,6,18.0344,Intra 1,3.98
928,-89.1309,14.7412,2019-06-20-1443,6,14.6435,Superficial,4.09
929,-90.6074,14.8369,2019-07-08-0558,6,15.3012,Intra 1,2.39
930,-90.4989,14.7288,2019-08-13-0115,6,6.6074,Superficial,1.86
931,-90.731,14.7851,2019-08-19-0902,6,14.653,Superficial,2.19
932,-90.7328,14.785,2019-08-19-1149,6,15.0866,Intra 1,2.95
933,-90.7927,14.8337,2019-08-19-1257,6,18.879,Intra 1,2.46
934,-90.5376,14.753,2019-08-30-0443,6,20.1101,Intra 1,1.78
935,-88.972,14.199,2019-09-04-0322,6,13.7084,Superficial,2.91
936,-90.6688,14.7392,2019-09-09-0726,6,16.4947,Intra 1,1.69
937,-89.1174,14.5556,2019-09-22-0654,6,8.2706,Superficial,2.95
938,-89.0994,14.5419,2019-09-23-0419,6,9.9125,Superficial,2.53
939,-89.1215,14.7742,2019-10-01-1933,6,5.1645,Superficial,3.69
940,-90.2199,14.4701,2019-10-03-0246,6,14.3985,Superficial,2.09
941,-90.5591,14.7461,2019-10-04-0540,6,8.2824,Superficial,1.81
942,-90.2102,14.6385,2019-10-20-1221,6,16.3725,Intra 1,2.19
943,-90.5097,14.723,2019-10-30-1128,6,1.4198,Superficial,2.87
944,-90.5151,14.73,2019-10-30-1233,6,7.8577,Superficial,1.51
945,-88.809,15.1136,2019-12-05-0552,6,13.6668,Superficial,3.33
946,-89.5112,14.7538,2019-12-24-0311,6,2.2002,Superficial,3.42
947,-89.5419,14.7657,2019-12-24-0945,6,5.6666,Superficial,3.59
948,-89.5498,14.7499,2019-12-27-1007,6,8.624,Superficial,3.19
949,-90.323,14.5821,2020-01-01-0602,6,4.0346,Superficial,2.17
950,-89.6178,14.9977,2019-02-03-1157,7,14.3816,Superficial,3.85
951,-92.3076,15.7507,2019-02-05-1614,7,161.4052,Profundo,5.1
952,-91.2073,15.3388,2019-02-07-0134,7,6.2146,Superficial,3.12
953,-89.8975,15.0522,2019-02-10-1008,7,8.2504,Superficial,3.62
954,-89.3964,15.0659,2019-02-24-0238,7,1.7176,Superficial,3.37
955,-91.0203,15.7191,2019-02-25-1149,7,11.3472,Superficial,3.44
956,-91.729,15.4692,2019-02-27-1352,7,193.9876,Profundo,3.74
957,-92.0053,15.5245,2019-03-14-1005,7,190.5401,Profundo,4.57
958,-90.1408,15.3,2019-04-03-2146,7,14.1929,Superficial,3.61
959,-90.0456,15.2947,2019-04-04-0156,7,2.48,Superficial,3.2
960,-91.5446,16.0152,2019-04-22-0604,7,5.2803,Superficial,3.57
961,-90.7785,15.6887,2019-04-24-1510,7,1.6931,Superficial,3.41
962,-91.7251,15.4615,2019-04-29-1147,7,203.7642,Profundo,3.48
963,-91.7888,15.3544,2019-04-30-0950,7,153.5865,Profundo,3.28
964,-88.7016,15.9282,2019-05-09-0645,7,17.297,Intra 1,3.68
965,-90.1869,15.5716,2019-05-14-0105,7,4.1542,Superficial,3.86
966,-91.9024,15.3375,2019-05-17-0802,7,153.6713,Profundo,3.6
967,-91.9364,15.3256,2019-05-20-0923,7,4.8066,Superficial,4.03
968,-91.8734,15.3087,2019-05-20-1539,7,9.457,Superficial,3.66
969,-91.2753,15.8457,2019-05-28-0921,7,7.9836,Superficial,3.82
970,-92.189,15.9018,2019-05-29-0317,7,172.3776,Profundo,4.0
971,-90.5497,15.3373,2019-06-03-0651,7,14.2002,Superficial,4.19
972,-92.1568,15.3254,2019-06-04-0443,7,141.2141,Intra 2,3.35
973,-90.5238,15.0766,2019-06-07-1916,7,26.0029,Intra 1,2.99
974,-89.7195,15.1914,2019-06-11-0323,7,24.9637,Intra 1,3.6
975,-89.599,14.9748,2019-06-14-1917,7,7.6774,Superficial,4.27
976,-88.819,15.589,2019-06-16-0736,7,5.0799,Superficial,4.01
977,-91.0564,15.7655,2019-06-18-1305,7,13.8531,Superficial,3.52
978,-92.0934,15.5511,2019-06-27-0325,7,161.6506,Profundo,3.24
979,-91.572,15.9975,2019-07-02-0254,7,3.4428,Superficial,4.47
980,-91.5854,15.9785,2019-07-02-0802,7,16.7896,Intra 1,3.82
981,-92.0887,15.782,2019-07-02-1941,7,238.7013,Profundo,4.33
982,-91.0056,15.741,2019-07-03-0054,7,2.8782,Superficial,4.64
983,-91.0181,15.7538,2019-07-03-1012,7,7.6372,Superficial,3.66
984,-91.006,15.7544,2019-07-04-0931,7,7.7894,Superficial,3.12
985,-91.0215,15.6926,2019-07-05-1118,7,9.9733,Superficial,3.41
986,-91.7605,15.3634,2019-07-11-0948,7,175.4429,Profundo,3.03
987,-91.0047,15.7118,2019-07-14-0157,7,13.8965,Superficial,5.16
988,-90.9709,15.6819,2019-07-14-0159,7,6.172,Superficial,4.4
989,-91.0255,15.6574,2019-07-14-0322,7,4.9618,Superficial,3.41
990,-91.0726,15.7093,2019-07-14-1126,7,15.4465,Intra 1,3.15
991,-91.0006,15.6296,2019-07-14-1141,7,2.0183,Superficial,2.8
992,-91.0057,15.6586,2019-07-14-1231,7,3.064,Superficial,3.17
993,-91.0059,15.731,2019-07-18-0439,7,9.9541,Superficial,3.32
994,-91.3073,15.3794,2019-07-21-2127,7,16.4539,Intra 1,3.59
995,-91.004,15.7018,2019-07-22-0107,7,4.4885,Superficial,4.77
996,-91.0102,15.7312,2019-07-22-2239,7,4.4408,Superficial,3.92
997,-91.4801,15.9066,2019-07-24-0631,7,9.725,Superficial,3.12
998,-91.0396,15.7377,2019-07-25-0557,7,17.0474,Intra 1,3.97
999,-91.0425,15.6824,2019-07-25-1055,7,1.9155,Superficial,4.01
1000,-91.1887,15.6774,2019-08-05-0026,7,12.1111,Superficial,3.23
1001,-88.3203,15.7032,2019-08-05-0624,7,8.0083,Superficial,3.66
1002,-92.0404,15.3515,2019-08-16-0610,7,13.4981,Superficial,2.85
1003,-90.2838,15.515,2019-08-19-0857,7,6.9133,Superficial,2.39
1004,-90.1812,15.7494,2019-08-20-1832,7,1.5839,Superficial,3.48
1005,-91.4944,15.8531,2019-08-25-1030,7,56.9614,Intra 1,3.34
1006,-91.01,15.6855,2019-08-26-0214,7,5.0,Superficial,3.73
1007,-91.0077,15.7482,2019-08-27-0955,7,31.8694,Intra 1,2.8
1008,-91.841,15.2613,2019-08-28-0551,7,236.9687,Profundo,2.61
1009,-88.9601,15.8108,2019-08-30-0025,7,11.1388,Superficial,4.31
1010,-90.9929,15.65,2019-08-30-0255,7,6.9616,Superficial,3.38
1011,-91.0593,15.8419,2019-08-31-0258,7,19.929,Intra 1,3.3
1012,-90.1271,15.2958,2019-09-09-0107,7,4.6082,Superficial,3.76
1013,-91.2375,15.9832,2019-09-09-0156,7,0.0548,Superficial,2.91
1014,-92.0696,15.4175,2019-09-12-0132,7,151.92,Profundo,3.8
1015,-91.8893,15.4289,2019-09-18-1428,7,171.6212,Profundo,3.71
1016,-91.022,15.6874,2019-09-23-0349,7,7.7909,Superficial,3.08
1017,-90.9262,15.3145,2019-09-25-0800,7,16.7114,Intra 1,2.36
1018,-90.2054,15.1313,2019-09-25-1158,7,10.8873,Superficial,3.43
1019,-90.2031,15.1419,2019-09-28-0611,7,11.9124,Superficial,2.73
1020,-88.4388,15.5638,2019-09-29-0647,7,3.7982,Superficial,3.22
1021,-89.6024,15.0058,2019-09-30-0238,7,3.1393,Superficial,3.54
1022,-88.6147,15.6864,2019-10-01-1637,7,0.7203,Superficial,3.55
1023,-88.5937,15.5292,2019-10-03-0242,7,9.4946,Superficial,3.41
1024,-88.3292,15.494,2019-10-15-1413,7,1.4695,Superficial,3.37
1025,-88.3109,15.4963,2019-10-15-1419,7,0.0176,Superficial,4.28
1026,-90.6771,15.3431,2019-10-17-2335,7,10.8308,Superficial,3.75
1027,-91.1641,15.1276,2019-10-20-0906,7,191.9417,Profundo,2.81
1028,-89.5976,14.9699,2019-10-22-1712,7,6.5209,Superficial,3.65
1029,-89.6041,14.982,2019-10-22-1810,7,7.0726,Superficial,3.82
1030,-89.608,14.9811,2019-10-23-0113,7,6.4673,Superficial,4.19
1031,-89.6074,14.9695,2019-10-23-0148,7,5.4837,Superficial,3.11
1032,-91.9538,15.7109,2019-10-24-0354,7,201.1331,Profundo,5.06
1033,-91.8149,15.5865,2019-10-29-0750,7,179.8194,Profundo,3.53
1034,-89.9339,15.8116,2019-11-01-2024,7,10.5186,Superficial,4.8
1035,-88.4933,15.5045,2019-11-05-2227,7,5.6516,Superficial,4.44
1036,-91.4763,15.6363,2019-11-10-0934,7,9.9163,Superficial,3.04
1037,-89.866,15.7398,2019-11-13-1353 ,7,3.5154,Superficial,4.43
1038,-90.4628,14.9277,2019-11-16-2300,7,5.7345,Superficial,2.78
1039,-91.2534,15.9966,2019-11-19-2120,7,2.8807,Superficial,4.11
1040,-88.3189,15.5491,2019-11-24-0824,7,0.9923,Superficial,3.72
1041,-91.018,15.7575,2019-11-26-0735,7,1.7203,Superficial,3.89
1042,-90.6936,15.3124,2019-12-17-0133,7,15.8158,Intra 1,3.97
1043,-91.7575,15.4263,2019-12-20-0308,7,195.5249,Profundo,4.18
1044,-90.6653,15.3119,2019-12-23-2325,7,4.8824,Superficial,3.26
1045,-90.5868,15.3193,2019-12-28-0905,7,21.5543,Intra 1,2.69
1046,-91.3069,16.6323,2019-02-05-0900,8,48.7977,Intra 1,3.82
1047,-90.6971,15.9539,2019-02-17-1032,8,12.2453,Superficial,3.19
1048,-90.6621,16.6582,2019-04-24-2031,8,0.3164,Superficial,4.67
1049,-90.3303,16.0055,2019-05-22-2141,8,6.002,Superficial,3.89
1050,-90.4839,16.0436,2019-08-06-0353,8,12.7005,Superficial,3.6
1051,-90.1185,16.087,2019-08-18-0546,8,9.9359,Superficial,3.93
1052,-91.0634,16.7221,2019-08-24-2254,8,14.1013,Superficial,3.92
1053,-90.1521,16.0462,2019-08-31-2239,8,8.3383,Superficial,4.33
1054,-91.0721,16.3538,2019-09-04-0800,8,14.4988,Superficial,3.28
1055,-90.8566,16.3296,2019-09-29-2226,8,1.1891,Superficial,3.71
1056,-90.1837,15.9866,2019-10-05-2025,8,1.3424,Superficial,4.04
1057,-90.3803,16.0202,2019-11-08-0445,8,19.1842,Intra 1,3.9
1058,-90.5416,16.1519,2019-12-09-1615,8,10.3331,Superficial,4.12
1059,-91.3065,17.2881,2019-12-21-1805,8,15.0513,Intra 1,4.59
1060,-92.4746,14.7361,2019-02-01-1613,SC,,,
1061,-92.4078,14.5426,2019-02-01-1633,SC,,,
1062,-92.5364,14.4703,2019-02-01-1641,SC,,,
1063,-92.5103,14.6217,2019-02-01-1659,SC,,,
1064,-92.4639,14.5383,2019-02-01-1750,SC,,,
1065,-92.5206,14.5016,2019-02-01-1844,SC,,,
1066,-92.5484,14.6012,2019-02-01-2005,SC,,,
1067,-92.5514,14.5124,2019-02-01-2013,SC,,,
1068,-92.5689,14.616,2019-02-01-2120,SC,,,
1069,-92.7251,14.6945,2019-02-01-2242,SC,,,
1070,-92.5841,14.5864,2019-02-02-0616,SC,,,
1071,-92.676,14.7008,2019-02-02-0914,SC,,,
1072,-93.148,14.2865,2019-02-02-1710,SC,,,
1073,-92.6088,14.6718,2019-02-02-2246,SC,,,
1074,-92.593,14.6811,2019-02-03-0445,SC,,,
1075,-92.5374,14.6122,2019-02-03-0653,SC,,,
1076,-92.3972,14.4732,2019-02-04-0504,SC,,,
1077,-92.6189,14.6169,2019-02-04-0625,SC,,,
1078,-92.4918,14.4795,2019-02-04-0631,SC,,,
1079,-92.5762,14.5659,2019-02-05-0927,SC,,,
1080,-92.627,14.494,2019-02-05-1630,SC,,,
1081,-92.5518,14.5375,2019-02-05-2340,SC,,,
1082,-93.6259,14.7726,2019-02-06-1842,SC,,,
1083,-92.5217,14.5442,2019-02-07-0727,SC,,,
1084,-92.3898,13.8413,2019-02-09-0436,SC,,,
1085,-92.4825,14.6384,2019-02-10-0552,SC,,,
1086,-92.4028,14.6732,2019-02-10-1947,SC,,,
1087,-87.9256,13.0587,2019-02-11-0008,SC,,,
1088,-93.1363,14.7911,2019-02-11-0459,SC,,,
1089,-92.5593,14.5932,2019-02-11-0521,SC,,,
1090,-92.6154,14.6278,2019-02-12-1040,SC,,,
1091,-92.5612,14.6849,2019-02-15-1325,SC,,,
1092,-92.3845,17.7475,2019-02-15-2304,SC,,,
1093,-92.4744,14.5465,2019-02-16-1832,SC,,,
1094,-93.0968,14.5348,2019-02-18-1158,SC,,,
1095,-93.9492,14.3315,2019-02-19-0648,SC,,,
1096,-93.2564,14.1908,2019-02-19-0951,SC,,,
1097,-93.0477,14.395,2019-02-19-1412,SC,,,
1098,-92.609,14.6553,2019-02-20-1408,SC,,,
1099,-92.578,14.6104,2019-02-21-0401,SC,,,
1100,-94.6527,15.4063,2019-02-22-0031,SC,,,
1101,-93.0865,14.8409,2019-02-23-0140,SC,,,
1102,-92.8377,14.1138,2019-02-25-0046,SC,,,
1103,-94.3174,15.2036,2019-02-25-0949,SC,,,
1104,-94.1745,14.5709,2019-02-25-1936,SC,,,
1105,-93.8894,14.5309,2019-02-25-1939,SC,,,
1106,-93.6856,14.3544,2019-02-25-1956,SC,,,
1107,-93.812,14.2676,2019-02-25-1959,SC,,,
1108,-93.7956,14.5845,2019-02-25-2038,SC,,,
1109,-93.8611,14.3863,2019-02-25-2042,SC,,,
1110,-92.722,14.7384,2019-03-02-1048,SC,,,
1111,-92.5697,14.538,2019-03-03-0342,SC,,,
1112,-92.4682,14.4869,2019-03-03-0723,SC,,,
1113,-92.4,14.3592,2019-03-04-0647,SC,,,
1114,-93.3013,14.2341,2019-03-05-1140,SC,,,
1115,-92.9854,14.2094,2019-03-05-1152,SC,,,
1116,-92.9006,14.1164,2019-03-05-1315,SC,,,
1117,-93.25,14.4654,2019-03-05-1344,SC,,,
1118,-93.2546,14.4824,2019-03-05-1558,SC,,,
1119,-93.2453,14.3617,2019-03-05-1743,SC,,,
1120,-93.2848,14.1686,2019-03-05-2152,SC,,,
1121,-93.0254,14.1045,2019-03-06-0318,SC,,,
1122,-93.7838,14.5296,2019-03-06-0917,SC,,,
1123,-92.5293,14.6847,2019-03-08-1553,SC,,,
1124,-92.6183,14.8517,2019-03-09-0706,SC,,,
1125,-92.8095,15.0539,2019-03-09-0903,SC,,,
1126,-93.0373,14.168,2019-03-09-1349,SC,,,
1127,-94.0411,15.601,2019-03-10-1917,SC,,,
1128,-93.0309,14.1129,2019-03-11-0514,SC,,,
1129,-92.4684,13.3731,2019-03-11-1908,SC,,,
1130,-92.558,14.7451,2019-03-12-0525,SC,,,
1131,-92.891,13.7763,2019-03-15-1141,SC,,,
1132,-92.3991,13.9975,2019-03-16-0228,SC,,,
1133,-92.5683,13.9183,2019-03-16-0239,SC,,,
1134,-92.631,14.7256,2019-03-17-0529,SC,,,
1135,-92.6903,14.6136,2019-03-19-0425,SC,,,
1136,-93.4877,14.3526,2019-03-19-2337,SC,,,
1137,-92.9846,14.459,2019-03-20-2116,SC,,,
1138,-94.802,15.1412,2019-03-24-1227,SC,,,
1139,-92.8634,15.3686,2019-03-24-1741,SC,,,
1140,-93.7576,13.9478,2019-03-31-1038,SC,,,
1141,-93.0384,15.4695,2019-04-01-0335,SC,,,
1142,-92.6055,14.6883,2019-04-01-0623,SC,,,
1143,-94.6577,15.3848,2019-04-04-0028,SC,,,
1144,-92.2304,13.2851,2019-04-04-2254,SC,,,
1145,-92.9757,15.007,2019-04-11-0541,SC,,,
1146,-93.0455,14.4284,2019-04-12-1331,SC,,,
1147,-92.6906,14.7791,2019-04-13-1534,SC,,,
1148,-93.5991,14.4556,2019-04-14-0251,SC,,,
1149,-92.5175,14.6202,2019-04-14-1929,SC,,,
1150,-92.6686,14.6867,2019-04-19-1143,SC,,,
1151,-92.8554,13.827,2019-04-19-1942,SC,,,
1152,-93.0074,14.1414,2019-04-26-1004,SC,,,
1153,-86.4616,16.8535,2019-04-28-0744,SC,,,
1154,-92.5386,14.683,2019-04-29-0924,SC,,,
1155,-92.5441,14.7581,2019-04-30-0352,SC,,,
1156,-91.7453,17.3055,2019-05-08-0418,SC,,,
1157,-92.8382,13.7285,2019-05-09-1822,SC,,,
1158,-93.2111,14.3535,2019-05-09-2059,SC,,,
1159,-92.9137,14.3524,2019-05-12-1002,SC,,,
1160,-94.1002,14.841,2019-05-12-2324,SC,,,
1161,-93.8554,14.551,2019-05-12-2356,SC,,,
1162,-94.0172,14.9594,2019-05-13-0150,SC,,,
1163,-93.0006,13.9154,2019-05-13-1903,SC,,,
1164,-93.1825,14.9313,2019-05-14-0619,SC,,,
1165,-87.3043,12.5383,2019-05-14-1615,SC,,,
1166,-93.06,13.902,2019-05-16-0147,SC,,,
1167,-93.63,15.4164,2019-05-16-0710,SC,,,
1168,-88.0276,12.6587,2019-05-16-1622,SC,,,
1169,-93.3212,14.5459,2019-05-19-1757,SC,,,
1170,-92.523,14.5468,2019-05-26-0547,SC,,,
1171,-92.5681,13.9801,2019-05-29-0616,SC,,,
1172,-92.6064,14.3453,2019-05-29-1341,SC,,,
1173,-92.7785,15.1018,2019-05-29-1348,SC,,,
1174,-92.5895,13.6236,2019-05-30-0853,SC,,,
1175,-92.5899,13.8717,2019-05-31-1509,SC,,,
1176,-92.7931,16.2042,2019-06-01-0709,SC,,,
1177,-92.8437,15.2152,2019-06-05-0526,SC,,,
1178,-94.4038,15.434,2019-06-08-0825,SC,,,
1179,-87.6413,15.0303,2019-06-09-0632,SC,,,
1180,-92.577,14.5539,2019-06-10-0349,SC,,,
1181,-93.3404,14.339,2019-06-14-0706,SC,,,
1182,-93.2844,14.5616,2019-06-14-0841,SC,,,
1183,-93.3257,14.2815,2019-06-14-1626,SC,,,
1184,-93.2627,14.1441,2019-06-14-1635,SC,,,
1185,-93.0428,14.3555,2019-06-14-1658,SC,,,
1186,-93.2433,14.487,2019-06-14-1712,SC,,,
1187,-93.2034,14.8698,2019-06-14-1743,SC,,,
1188,-93.2521,14.344,2019-06-14-1813,SC,,,
1189,-93.1756,14.2028,2019-06-14-1827,SC,,,
1190,-93.3882,14.6791,2019-06-14-1830,SC,,,
1191,-93.1564,14.2854,2019-06-14-1836,SC,,,
1192,-92.8141,14.0734,2019-06-15-0406,SC,,,
1193,-93.2816,14.2039,2019-06-15-0453,SC,,,
1194,-93.2268,14.1944,2019-06-15-1550,SC,,,
1195,-92.7562,14.7155,2019-06-15-1553,SC,,,
1196,-93.1085,13.6503,2019-06-16-0558,SC,,,
1197,-89.3659,11.8971,2019-06-17-2108,SC,,,
1198,-92.7154,14.2398,2019-06-18-1615,SC,,,
1199,-93.3659,14.6737,2019-06-19-1559,SC,,,
1200,-94.2338,14.6167,2019-06-20-0659,SC,,,
1201,-92.5727,15.0618,2019-06-21-0851,SC,,,
1202,-92.6201,14.4511,2019-06-21-1716,SC,,,
1203,-93.0116,14.2655,2019-06-22-2148,SC,,,
1204,-93.1213,14.373,2019-06-22-2231,SC,,,
1205,-92.8616,13.7912,2019-06-22-2308,SC,,,
1206,-92.8255,14.2867,2019-06-22-2315,SC,,,
1207,-93.0908,14.2642,2019-06-23-0246,SC,,,
1208,-93.0612,14.2112,2019-06-23-0530,SC,,,
1209,-93.0406,14.4207,2019-06-23-0602,SC,,,
1210,-92.8704,14.2319,2019-06-23-0742,SC,,,
1211,-92.7709,14.289,2019-06-23-0745,SC,,,
1212,-93.453,14.8457,2019-06-23-1105,SC,,,
1213,-92.8529,14.0247,2019-06-23-2236,SC,,,
1214,-92.6979,14.471,2019-06-24-0054,SC,,,
1215,-92.8257,14.2866,2019-06-24-0409,SC,,,
1216,-93.6743,14.6697,2019-06-24-0951,SC,,,
1217,-93.5224,14.7234,2019-06-24-0952,SC,,,
1218,-93.0462,14.2673,2019-06-24-1011,SC,,,
1219,-92.5191,14.8458,2019-06-24-1034,SC,,,
1220,-92.7707,14.121,2019-06-24-1233,SC,,,
1221,-92.4374,13.9775,2019-06-24-1252,SC,,,
1222,-92.7056,13.9764,2019-06-24-1255,SC,,,
1223,-93.6083,14.6757,2019-06-25-1022,SC,,,
1224,-93.131,14.3738,2019-06-26-0216,SC,,,
1225,-93.1163,14.2591,2019-06-26-0721,SC,,,
1226,-92.8786,14.2377,2019-06-26-1238,SC,,,
1227,-92.3941,13.2928,2019-06-28-0206,SC,,,
1228,-93.535,14.1684,2019-06-28-0620,SC,,,
1229,-93.0898,14.3633,2019-06-29-0617,SC,,,
1230,-93.5498,14.6182,2019-06-29-2005,SC,,,
1231,-93.1907,14.3194,2019-06-30-2334,SC,,,
1232,-93.0738,14.2859,2019-07-01-0137,SC,,,
1233,-92.6779,14.7512,2019-07-02-0659,SC,,,
1234,-93.4282,14.2886,2019-07-02-0808,SC,,,
1235,-92.8518,14.8963,2019-07-04-1301,SC,,,
1236,-92.4959,14.6699,2019-07-06-1133,SC,,,
1237,-93.0632,14.5814,2019-07-06-1519,SC,,,
1238,-92.4021,14.91,2019-07-07-1228,SC,,,
1239,-92.9109,16.1772,2019-07-08-1943,SC,,,
1240,-94.2799,14.4785,2019-07-12-0133,SC,,,
1241,-92.7249,14.4998,2019-07-13-1643,SC,,,
1242,-93.7564,15.0153,2019-07-14-1826,SC,,,
1243,-94.6634,14.8608,2019-07-15-1126,SC,,,
1244,-95.0337,15.5029,2019-07-17-0625,SC,,,
1245,-92.6904,14.5149,2019-07-17-1905,SC,,,
1246,-92.5195,14.6378,2019-07-18-1624,SC,,,
1247,-92.4832,14.5845,2019-07-19-0537,SC,,,
1248,-92.7145,14.6386,2019-07-20-0712,SC,,,
1249,-93.0748,14.4047,2019-07-20-0936,SC,,,
1250,-93.3831,15.2184,2019-07-21-1902,SC,,,
1251,-92.9556,15.1666,2019-07-22-0211,SC,,,
1252,-93.9184,14.8097,2019-07-22-1959,SC,,,
1253,-92.4584,14.4892,2019-07-23-1001,SC,,,
1254,-92.8041,14.6701,2019-07-25-1638,SC,,,
1255,-92.5435,14.5039,2019-07-26-0437,SC,,,
1256,-92.4331,15.0324,2019-07-29-0430,SC,,,
1257,-93.5608,13.7768,2019-07-31-0709,SC,,,
1258,-93.0195,14.1657,2019-08-02-0227,SC,,,
1259,-93.0987,14.1117,2019-08-05-0016,SC,,,
1260,-92.6506,14.5782,2019-08-07-0148,SC,,,
1261,-93.8824,15.9605,2019-08-12-2038,SC,,,
1262,-92.6767,14.4356,2019-08-13-1530,SC,,,
1263,-92.8837,14.9327,2019-08-14-0839,SC,,,
1264,-90.5037,12.3499,2019-08-18-0017,SC,,,
1265,-92.6465,14.5784,2019-08-18-0127,SC,,,
1266,-87.3,16.5776,2019-08-19-0324,SC,,,
1267,-88.2463,12.2762,2019-08-19-1137,SC,,,
1268,-92.8881,14.549,2019-08-25-0053,SC,,,
1269,-92.6116,14.3782,2019-08-25-0226,SC,,,
1270,-93.3769,13.9048,2019-08-25-0739,SC,,,
1271,-92.6085,13.3758,2019-08-26-0943,SC,,,
1272,-92.4657,14.5036,2019-08-26-0950,SC,,,
1273,-93.0267,13.9738,2019-08-27-0503,SC,,,
1274,-92.4103,14.3343,2019-08-28-2026,SC,,,
1275,-92.5694,14.2853,2019-08-30-0926,SC,,,
1276,-92.8067,15.0755,2019-09-01-0733,SC,,,
1277,-92.5892,14.4618,2019-09-01-1619,SC,,,
1278,-92.7794,14.3011,2019-09-03-0534,SC,,,
1279,-92.6949,14.6076,2019-09-03-0922,SC,,,
1280,-92.7364,14.8131,2019-09-03-1926,SC,,,
1281,-92.7795,14.481,2019-09-09-0603,SC,,,
1282,-92.4259,14.1172,2019-09-10-2352,SC,,,
1283,-93.2158,13.9393,2019-09-13-0120,SC,,,
1284,-93.3831,14.4993,2019-09-14-1834,SC,,,
1285,-94.1462,14.7496,2019-09-15-1150,SC,,,
1286,-93.1392,13.6912,2019-09-18-0301,SC,,,
1287,-87.3814,15.1458,2019-09-20-1515,SC,,,
1288,-92.574,14.2606,2019-09-20-1744,SC,,,
1289,-93.0695,14.1565,2019-09-20-2117,SC,,,
1290,-92.5418,14.6167,2019-09-21-0440,SC,,,
1291,-94.1657,15.953,2019-09-22-0150,SC,,,
1292,-92.6059,13.6659,2019-09-24-0858,SC,,,
1293,-93.5773,15.5281,2019-09-26-0332,SC,,,
1294,-93.9323,14.7599,2019-09-28-0415,SC,,,
1295,-94.2468,15.108,2019-09-29-1106,SC,,,
1296,-95.0688,15.3923,2019-10-02-1013,SC,,,
1297,-92.6131,14.3049,2019-10-05-0931,SC,,,
1298,-92.4606,14.6857,2019-10-09-0824,SC,,,
1299,-92.639,14.6586,2019-10-13-1121,SC,,,
1300,-92.9768,14.3429,2019-10-13-1732,SC,,,
1301,-92.4525,15.0113,2019-10-14-1931,SC,,,
1302,-93.352,16.215,2019-10-15-1033,SC,,,
1303,-92.6394,14.5519,2019-10-18-0655,SC,,,
1304,-93.5528,15.2242,2019-10-22-0900,SC,,,
1305,-94.0996,14.8001,2019-10-23-0248,SC,,,
1306,-93.2345,15.5357,2019-10-24-1445,SC,,,
1307,-94.7052,15.2355,2019-10-26-0921,SC,,,
1308,-94.6161,15.0445,2019-10-26-0959,SC,,,
1309,-93.1556,14.0534,2019-10-27-1839,SC,,,
1310,-93.5368,15.7018,2019-10-30-0053,SC,,,
1311,-93.1791,14.0813,2019-11-03-0552,SC,,,
1312,-93.2967,14.5464,2019-11-04-2335,SC,,,
1313,-93.2464,14.9724,2019-11-05-2045,SC,,,
1314,-88.2141,12.3942,2019-11-06-2038,SC,,,
1315,-92.4253,14.5425,2019-11-13-1138,SC,,,
1316,-93.7456,14.7654,2019-11-17-1025,SC,,,
1317,-92.4957,14.4877,2019-11-19-0812,SC,,,
1318,-93.1844,13.904,2019-11-20-0426,SC,,,
1319,-93.2638,13.8627,2019-11-20-1129,SC,,,
1320,-92.6545,13.8137,2019-11-23-0203,SC,,,
1321,-92.9537,14.1323,2019-11-24-2051,SC,,,
1322,-92.6441,14.864,2019-11-29-0709,SC,,,
1323,-92.398,14.9293,2019-11-29-0717,SC,,,
1324,-93.0822,14.647,2019-11-29-2137,SC,,,
1325,-92.7431,14.6687,2019-12-01-2207,SC,,,
1326,-93.0371,14.8545,2019-12-02-0430,SC,,,
1327,-92.565,13.8206,2019-12-03-1610,SC,,,
1328,-93.0866,13.869,2019-12-05-0802,SC,,,
1329,-92.595,14.5967,2019-12-10-0849,SC,,,
1330,-94.431,14.2731,2019-12-10-1113,SC,,,
1331,-92.7115,14.7543,2019-12-14-0708,SC,,,
1332,-93.851,14.7249,2019-12-19-1320,SC,,,
1333,-92.5155,13.6863,2019-12-21-0952,SC,,,
1334,-92.5261,14.0601,2019-12-23-0218,SC,,,
1335,-92.9878,13.7375,2019-12-23-1547,SC,,,
1336,-93.0632,14.4003,2019-12-24-2313,SC,,,
1337,-93.2066,13.686,2019-12-24-2354,SC,,,
1338,-92.776,13.7021,2019-12-25-1550,SC,,,
1339,-92.5668,14.7333,2019-12-25-1826,SC,,,
1340,-92.8444,14.955,2019-12-26-0941,SC,,,
1341,-93.0824,14.1872,2019-12-27-1534,SC,,,
1342,-92.9385,13.4889,2019-12-28-1413,SC,,,
1343,-93.0245,13.846,2019-12-29-1022,SC,,,
1344,-92.4745,14.0301,2020-01-01-1646,SC,,,
